StockCode,units,revenue,cum_share,ABC
22423,26478,330590.32,0.016805621678320257,A
85123A,94203,257724.71,0.029907106239074492,A
85099B,96757,180569.34,0.03908638291827061,A
23843,80995,168469.6,0.04765056701748423,A
47566,28200,148318.28,0.05519035493885825,A
84879,80082,129324.49,0.06176458993969467,A
22086,35084,117760.29000000001,0.0677509566381185,A
23166,78033,81700.92000000001,0.07190423841687933,A
79321,15841,80540.88,0.07599854934201165,A
22197,88499,79520.2,0.08004097380557236,A
22386,39437,76324.62,0.08392095035316624,A
84347,31409,71300.4,0.087545519723234,A
20725,40317,71106.29,0.09116022147460086,A
85099F,36860,67985.77,0.09461629099935069,A
48138,10077,67010.31,0.09802277282981373,A
23084,30739,66870.03,0.10142212349984522,A
20685,9783,66417.47,0.10479846819636018,A
21137,18739,65189.29,0.10811237812941057,A
21843,6128,64918.299999999996,0.1114125122343647,A
21931,29182,61537.55,0.11454078527124827,A
22502,3766,60880.3,0.11763564687960583,A
21621,6900,60286.04,0.12070029916804574,A
22114,11677,59189.14,0.123709190336744,A
85099C,30640,59057.61,0.12671139515292187,A
22910,18634,58652.700000000004,0.12969301629237937,A
22112,11065,57981.94,0.132640539219896,A
15056N,11286,57975.450000000004,0.13558773222703055,A
22411,27281,57318.71,0.1385015397315859,A
82484,9831,56745.73,0.1413862196890635,A
22470,17773,53506.130000000005,0.1441062139655173,A
22139,10609,52843.01,0.14679249841088063,A
20914,18670,52508.560000000005,0.1494617810270001,A
22178,40081,52382.82,0.1521246716263484,A
21212,94884,51825.15,0.1547592129653755,A
22090,16698,50431.9,0.1573229281761502,A
21733,17575,50346.490000000005,0.15988230155336022,A
21181,24732,50117.14000000001,0.16243001587977915,A
22111,9776,49771.94,0.16496018189866335,A
21929,25608,49651.99,0.16748425023652558,A
22189,16186,49300.94,0.1699904728809925,A
21232,37997,49300.57,0.17249667671643917,A
84946,36696,49210.4,0.17499829674281747,A
22469,27908,48935.11,0.17748592234978317,A
48194,7726,48726.56,0.17996294627790657,A
21731,28910,48315.84,0.1824190911768566,A
22457,15373,47288.23,0.18482299732636934,A
15056BL,9504,47267.450000000004,0.18722584712063714,A
21754,7595,46516.99,0.1895905471383334,A
48187,7314,46405.4,0.19194957445719477,A
21928,24268,46202.52,0.19429828833274027,A
21523,6916,46083.71,0.19664096247938018,A
22138,9366,45882.01,0.19897338316822827,A
48185,6822,45723.840000000004,0.20129776325509846,A
20727,26678,45655.27,0.20361865757300093,A
21623,6165,45402.18,0.20592668601270542,A
22355,31956,45377.56,0.20823346289003586,A
71477,15089,44680.75,0.21050481729873002,A
22326,15446,44257.740000000005,0.21275466791376757,A
21175,20676,43851.48,0.21498386622457846,A
84078A,1128,43844.96,0.21721273308995154,A
82494L,15301,43811.16,0.21943988172590784,A
22383,25058,43254.35,0.2216387248198062,A
23298,8466,43148.18,0.22383217074159864,A
84029E,10628,42994.24,0.22601779109426628,A
21915,36289,42664.54,0.22818665108484182,A
20728,24596,42270.3,0.2303354698101726,A
23203,20485,42030.340000000004,0.23247209012334805,A
82482,16914,41837.6,0.23459891246203263,A
20713,20814,40667.05,0.23666622966924344,A
22083,13716,40412.82,0.23872062304613983,A
84997D,10653,39875.14,0.24074768335816002,A
85066,3091,38599.979999999996,0.2427099206694967,A
20726,22118,38506.74,0.24466741810773218,A
22960,9019,38380.11,0.24661847828587752,A
22699,13070,38249.5,0.2485628988798771,A
21166,19932,38138.86,0.25050169506847214,A
23284,5487,38133.64,0.2524402258973762,A
22720,7483,38108.89,0.2543774985553316,A
82486,4728,38052.33,0.2563118959749493,A
22629,20807,37955.5,0.25824137102313427,A
20712,17710,37499.37,0.26014765861617495,A
21485,7593,37078.67,0.26203255984484763,A
22727,9234,36543.77,0.2638902693304718,A
22328,12959,36170.310000000005,0.2657289939060963,A
21524,5255,35955.44,0.2675567955244787,A
20724,32197,35190.21,0.26934569653053547,A
21755,5643,34836.020000000004,0.27111659222070084,A
22379,15765,34640.84,0.27287756589851214,A
84997B,9257,34488.07,0.2746307734843708,A
22384,20783,34088.79,0.27636368359562785,A
22382,20248,34071.97,0.2780957386589917,A
22666,10706,33682.62,0.2798080010411892,A
22630,18058,33380.83,0.28150492187144316,A
15036,44272,32967.03,0.283180807100139,A
84997C,8798,32740.36,0.2848451695163526,A
22726,7671,32609.32,0.28650287048928874,A
22385,17057,32433.5,0.2881516336191463,A
22077,17238,31513.11,0.2897536085486218,A
85152,16373,31483.7,0.291354088415164,A
22865,14537,31416.04,0.2929511287727612,A
48184,4715,31142.63,0.29453427028110274,A
23245,6345,31118.550000000003,0.29611618767807274,A
21479,6219,31079.8,0.2976961352114363,A
85014B,6155,30776.58,0.29926066849853483,A
23199,14908,30450.690000000002,0.3008086351056146,A
22697,9795,30425.050000000003,0.3023552982984267,A
22501,2612,30339.36,0.30389760542382094,A
20679,6149,30020.97,0.3054237271331202,A
21217,2904,29769.24,0.3069370521000797,A
22659,15942,29563.809999999998,0.30843993399398917,A
84029G,6830,29533.87,0.3099412938823147,A
22622,2945,29450.11,0.3114383958151387,A
47590B,5738,29363.86,0.3129311132128386,A
22158,8985,29198.280000000002,0.3144154133198038,A
82483,4878,29003.370000000003,0.31588980513991627,A
23355,5816,28718.8,0.3173497307900543,A
48188,4872,28639.1,0.3188056048755616,A
20971,22260,28580.97,0.32025852391148324,A
84978,21689,28475.96,0.32170610474411915,A
22866,12778,28266.870000000003,0.32314305644691027,A
22752,3459,28139.45,0.32457353072981127,A
22188,10353,28112.030000000002,0.32600261111180673,A
21977,56061,28081.73,0.3274301511875498,A
22467,11868,28059.480000000003,0.3288565601803189,A
82583,12877,27981.99,0.3302790299542268,A
23201,13366,27850.83,0.3316948321846346,A
22492,43546,27817.59,0.33310894465333185,A
20719,24479,27598.42,0.33451191557347065,A
21930,13390,27368.08,0.33590317711598044,A
22624,3152,27282.73,0.33729009987503694,A
72741,19712,27239.46,0.3386748229954288,A
22835,5302,27082.84,0.340051584308387,A
84991,54028,27041.21,0.3414262293523919,A
22961,17252,26888.43,0.34279310779609223,A
20750,3688,26866.629999999997,0.34415887803265394,A
22734,9772,26763.75,0.34551941834488437,A
71459,32989,26738.79,0.3468786898107762,A
22149,12674,26218.97,0.3482115361282825,A
22867,11872,26117.63,0.3495392308076498,A
48111,4248,25970.0,0.35085942068794024,A
22551,15441,25912.87,0.3521767063538348,A
47566B,5801,25803.49,0.35348843166666405,A
82600,12675,25736.190000000002,0.35479673577121673,A
20711,12643,25719.13,0.3561041726274306,A
21481,8174,25613.45,0.3574062372207816,A
22507,5455,25603.46,0.358707793970586,A
37503,2465,25428.33,0.36000044795359276,A
21080,31076,25416.93,0.3612925224154353,A
21108,12962,25407.27,0.36258410580934386,A
22087,8475,25389.100000000002,0.363874765527853,A
84755,40439,25205.13,0.3651560730964862,A
22084,8803,25163.56,0.3664352674462775,A
21527,3345,24968.47,0.3677045443588819,A
23173,2766,24879.13,0.3689692796556254,A
20972,20496,24785.31,0.37022924559485765,A
21314,11426,24641.390000000003,0.3714818953335673,A
22722,5972,24459.960000000003,0.3727253220437833,A
84077,106139,24445.61,0.37396801926902495,A
22698,8193,24374.620000000003,0.3752071077041395,A
84836,19847,24289.33,0.37644186040591215,A
22728,6215,24257.31,0.3776749853649059,A
47590A,4752,24174.010000000002,0.3789038757525855,A
21231,19428,24128.86,0.38013047093144364,A
23344,10285,23772.07,0.38133892862291674,A
21955,3911,23734.4,0.3825454713527883,A
22171,3141,23709.46,0.3837507462530252,A
21790,27244,23506.17,0.3849456868675183,A
23243,4800,23489.42,0.38613977599258154,A
22605,1827,23426.82,0.3873306828347604,A
48173C,4077,23132.920000000002,0.3885066492146437,A
84406B,7131,23080.13,0.38967993200485496,A
22625,2627,22911.55,0.3908446449987621,A
22607,2533,22906.54,0.39200910330836813,A
21791,17604,22858.600000000002,0.3931711245789729,A
22554,13588,22853.72,0.3943328977738513,A
21936,7805,22741.31,0.3954889565850391,A
22556,13585,22334.08,0.3966243137818661,A
37449,2382,22333.3,0.39775963132724496,A
20749,3062,22097.61,0.3988829675267292,A
22113,5759,22025.93,0.40000265985980527,A
22585,17557,21977.3,0.40111988007759913,A
22499,3584,21826.52,0.40222943536546807,A
23202,10941,21810.43,0.4033381727151324,A
85014A,4623,21797.58,0.4044462568326072,A
84970S,26444,21794.26,0.4055541721772517,A
22941,2615,21727.58,0.4066586978314374,A
21210,15118,21727.19,0.407763203659899,A
22456,4416,21583.2,0.4088603897293747,A
22969,14461,21501.989999999998,0.4099534474730831,A
23209,13170,21418.82,0.411042277254052,A
21213,40263,21390.76,0.4121296805995938,A
21258,1505,21386.559999999998,0.4132168704373383,A
85048,2685,21201.13,0.4142946339058297,A
22570,5631,20901.1,0.4153571452923117,A
22424,1529,20886.89,0.416418934310746,A
22356,20015,20871.9,0.41747996130968457,A
23206,12147,20852.58,0.41854000617275533,A
21218,5256,20800.31,0.4195973938804528,A
48116,3452,20712.63,0.4206503243587046,A
22294,16671,20629.38,0.4216990228074018,A
22617,4251,20546.99,0.4227435329448076,A
22632,10290,20540.33,0.42378770451984904,A
22693,17875,20469.08,0.424828254087614,A
20723,18296,20401.05,0.4258653453374137,A
21559,8227,20345.53,0.4268996142174732,A
22568,5479,20244.97,0.4279287711108419,A
85150,8361,20237.72,0.42895755944908415,A
21216,3884,20169.0,0.4299828543930802,A
22273,7355,20150.99,0.4310072337953072,A
22569,5521,20104.43,0.4320292463110949,A
21622,3699,19936.94,0.4330427444409354,A
22900,6156,19834.04,0.4340510116297407,A
22413,6976,19728.24,0.43505390045546044,A
22381,9265,19619.54,0.4360512634960439,A
48129,3127,19608.91,0.43704808615855933,A
21174,9696,19593.81,0.43804414120970814,A
22561,11642,19524.27,0.439036661181755,A
22558,13809,19513.17,0.4400286168831946,A
22169,2275,19507.6,0.4410202894326268,A
84997A,5185,19400.7,0.44200652770026444,A
22427,3210,19273.280000000002,0.442986288548012,A
22952,32988,19240.05,0.443964360142401,A
21340,1758,19194.13,0.4449400973848723,A
21908,9678,19125.980000000003,0.44591237020915564,A
22061,2171,19121.37,0.44688440868321366,A
84949,11945,19015.8,0.4478510804862798,A
71053,4769,18906.77,0.44881220972859703,A
84947,15810,18744.170000000002,0.4497650731690454,A
22555,11549,18680.32,0.4507146907826221,A
22041,7540,18650.87,0.45166281129985786,A
21035,5994,18644.780000000002,0.4526106222307874,A
21121,15215,18442.7,0.45354816038655293,A
22847,1157,18352.739999999998,0.45448112540864005,A
21484,4584,18171.14,0.45540485876025116,A
79323W,3004,18048.72,0.45632236886792144,A
21430,4621,18044.97,0.45723968834362977,A
22505,3773,18034.63,0.4581564821834751,A
22147,12828,17893.579999999998,0.45906610571979267,A
22560,14836,17861.71,0.4599741091386099,A
22352,7090,17830.71,0.46088053666654194,A
84945,21605,17746.71,0.46178269403852695,A
21914,12957,17725.36,0.46268376607920864,A
22297,13715,17702.62,0.46358368212767326,A
22633,8541,17576.670000000002,0.46447719548397687,A
22776,1708,17530.46,0.46536835974615776,A
84467,816,17477.66,0.46625683991031475,A
20718,13353,17457.35,0.46714428761176596,A
21136,10496,17451.45,0.46803143538559705,A
47591D,9390,17442.29,0.4689181175090891,A
22557,10369,17401.3,0.46980271589814954,A
84992,34797,17259.85,0.47068012364960626,A
22366,2540,17242.3,0.47155663924348123,A
84970L,17400,17177.04,0.47242983733286675,A
21889,12805,17095.66,0.47329889845450274,A
21156,9137,17002.28,0.4741632125861109,A
23240,4177,17000.17,0.4750274194554685,A
22654,2534,16971.27,0.47589015718783956,A
21535,6776,16837.0,0.47674606927927005,A
22652,9910,16794.05,0.4775997979992967,A
21164,5981,16626.41,0.47844500470809764,A
21533,3343,16614.87,0.47928962477880765,A
22993,12649,16478.48,0.48012731143797477,A
22837,3534,16455.18,0.4809638136372184,A
72760B,1699,16409.02,0.48179796928409874,A
22487,1632,16373.699999999999,0.48263032943207373,A
21155,6665,16343.09,0.48346113351488756,A
23301,8807,16327.35,0.48429113745181324,A
22191,1967,16216.05,0.48511548343210914,A
22662,9951,16213.61,0.4859397053745418,A
22193,1910,16117.98,0.4867590659477695,A
22296,9719,16027.56,0.4875738300031314,A
22692,2135,15965.95,0.4883854621024469,A
21877,14054,15954.75,0.48919652484763604,A
22634,1688,15946.55,0.4900071707442686,A
35004C,3035,15874.38,0.49081414786524996,A
22759,9380,15866.56,0.4916207274550467,A
22690,2530,15836.35,0.49242577131375814,A
23313,2990,15798.66,0.4932288991941644,A
22635,1660,15795.01,0.49403184152612767,A
22367,8059,15778.67,0.49483395321108886,A
84375,7575,15753.18,0.4956347691070609,A
22170,2385,15645.27,0.4964300993776966,A
22333,10030,15639.65,0.4972251439545655,A
22619,4008,15620.09,0.498019194195121,A
21891,12142,15547.75,0.498809567018043,A
22173,5026,15411.9,0.4995930338804246,A
84378,11637,15388.44,0.5003753081492524,A
22749,3759,15354.35,0.5011558494464582,A
21094,19633,15334.029999999999,0.5019353577726064,A
85232B,3061,15332.53,0.5027147898459698,A
21844,5374,15329.44,0.5034940648385967,A
22365,2329,15289.79,0.5042713242159461,A
22940,3491,15282.81,0.5050482287636705,A
22909,17144,15275.82,0.5058247779734178,A
21975,31332,15236.619999999999,0.5065993344437232,A
21165,9360,15167.38,0.5073703710854837,A
82582,7479,15110.980000000001,0.5081385406225369,A
35970,8375,15072.58,0.5089047580883,A
22946,976,15060.57,0.5096703650234331,A
22606,1069,14881.94,0.5104268912686041,A
22730,3702,14867.27,0.5111826717615399,A
21122,12209,14844.78,0.5119373089710562,A
21770,2991,14807.300000000001,0.512690040877657,A
17003,70369,14766.42,0.5134406946416971,A
22485,1101,14677.84,0.5141868454246205,A
21912,3734,14651.33,0.5149316485666612,A
21380,5031,14593.320000000002,0.5156735027593389,A
84050,9853,14525.0,0.5164118838918463,A
22150,7815,14486.55,0.5171483104113043,A
22179,2023,14418.61,0.517881283187964,A
21672,11120,14411.13,0.5186138757174038,A
20748,1600,14266.98,0.5193391403542272,A
21169,8856,14262.61,0.5200641828412711,A
23200,7067,14188.960000000001,0.5207854813165829,A
84380,10405,14076.34,0.5215010547328143,A
22804,5261,14075.800000000001,0.5222166006980431,A
22627,1600,14016.8,0.522929147387071,A
35400,1435,13999.1,0.5236407942932386,A
23343,6078,13972.710000000001,0.5243510996587464,A
21257,1549,13968.48,0.525061189991401,A
22236,1127,13965.519999999999,0.5257711298518936,A
22271,4866,13921.730000000001,0.5264788436394229,A
21668,10357,13912.17,0.5271860714425373,A
22295,8411,13873.54,0.5278913354822679,A
21888,3520,13862.17,0.5285960215258899,A
22444,10132,13856.6,0.5293004244175046,A
21259,2293,13843.92,0.5300041827189119,A
21669,10578,13839.18,0.5307077000615195,A
79323P,2281,13787.93,0.5314086121006474,A
22621,8726,13784.32,0.53210934062474,A
22109,3338,13750.11,0.532808330076988,A
23077,10395,13695.77,0.5335045571450198,A
47556B,5201,13691.02,0.5342005427458997,A
21871,11492,13654.89,0.5348946916713706,A
22667,4845,13586.350000000002,0.5355853563529295,A
21390,10937,13552.97,0.5362743241558514,A
21539,2723,13551.64,0.5369632243479707,A
22636,1618,13437.03,0.5376462983189818,A
C2,268,13426.0,0.538328811577849,A
23356,2359,13334.32,0.539006664266511,A
23207,7830,13325.55,0.5396840711305583,A
22207,3103,13298.57,0.5403601064611834,A
23108,2219,13290.52,0.5410357325685302,A
22584,5222,13287.78,0.5417112193874568,A
21673,10050,13272.39,0.5423859238528118,A
23328,2841,13269.49,0.5430604808961162,A
22846,825,13264.82,0.5437348005390841,A
21098,8537,13263.93,0.5444090749387329,A
21704,17175,13235.16,0.5450818868099698,A
22838,922,13220.86,0.545753971737992,A
15044A,4964,13210.85,0.5464255478057639,A
75049L,13968,13153.8,0.5470942237259551,A
22580,2322,13141.08,0.5477622530225313,A
20676,10475,13105.7,0.5484284837700909,A
21935,7127,13103.21,0.5490945879380279,A
22088,4399,13076.880000000001,0.5497593536154162,A
22553,7794,13013.15,0.5504208795661555,A
22464,7847,12985.31,0.5510809902652096,A
84988,8305,12913.24,0.5517374372721315,A
21906,1786,12879.460000000001,0.5523921670663405,A
22766,4367,12864.25,0.5530461236573119,A
22655,76,12845.0,0.5536991016708787,A
22198,7331,12759.61,0.5543477388675846,A
22947,1011,12704.15,0.5549935567446617,A
22303,5439,12701.630000000001,0.5556392465170604,A
22646,8913,12654.71,0.5562825511023516,A
22616,39147,12460.16,0.5569159657014582,A
62018,9567,12450.85,0.5575489070249473,A
22623,2312,12432.28,0.5581809043389611,A
22144,5134,12382.47,0.5588103695521687,A
23174,3055,12342.43,0.5594377993243748,A
21671,9488,12339.32,0.5600650709991405,A
22631,6272,12241.849999999999,0.5606873877679519,A
85042,2685,12234.56,0.5613093339482295,A
15056P,2473,12228.92,0.5619309934180362,A
22082,7267,12192.05,0.5625507785943934,A
21124,10029,12172.79,0.563169584684994,A
22301,5009,12124.78,0.5637859501781303,A
22192,1426,12104.8,0.5644012999841733,A
21670,8845,12074.4,0.5650151044004452,A
20969,3237,12066.52,0.565628508235421,A
21937,4100,12038.82,0.5662405039356381,A
84212,24794,11961.49,0.5668485685506245,A
21787,15135,11926.08,0.5674548330915384,A
21242,7085,11917.73,0.5680606731586171,A
84987,8138,11864.15,0.5686637894762239,A
22729,2999,11864.0,0.5692668981685521,A
22243,7678,11860.25,0.5698698162289185,A
20975,18099,11848.710000000001,0.5704721476511941,A
22488,6905,11788.06,0.5710713959192056,A
23300,6809,11785.99,0.571670538958374,A
21428,2883,11762.93,0.5722685097380646,A
22791,9458,11728.69,0.5728647399208548,A
22750,3125,11697.6,0.5734593896375928,A
22943,2381,11696.64,0.5740539905525486,A
21154,8095,11694.95,0.5746485055560334,A
47567B,2166,11683.27,0.5752424268045009,A
22151,27562,11609.19,0.5758325821821046,A
21326,17770,11593.86,0.576421958256248,A
22844,1227,11593.28,0.5770113048459813,A
23581,5020,11581.83,0.5776000693727908,A
21260,3512,11564.43,0.578187949367297,A
22508,2880,11561.95,0.5787757032905324,A
22468,1736,11542.6,0.5793624735528443,A
22649,2302,11541.78,0.5799492021303005,A
22637,4478,11492.82,0.580533441816862,A
22663,5764,11465.29,0.5811162820106468,A
22950,8333,11452.64,0.5816984791392803,A
22740,13345,11395.31,0.5822777618864798,A
21172,7685,11382.16,0.582856376150933,A
21429,6359,11342.25,0.5834329615829593,A
22834,6900,11287.630000000001,0.5840067703969163,A
22988,9363,11238.45,0.5845780791362366,A
21922,1443,11199.18,0.5851473915776518,A
72351B,5785,11184.890000000001,0.585715977584204,A
22968,1127,11184.82,0.586284560032293,A
47599A,5967,11180.57,0.5868529264308251,A
22795,1597,11175.81,0.5874210508538537,A
21868,9075,11163.64,0.5879885566126216,A
22417,21451,11159.9,0.5885558722477797,A
21735,853,11112.85,0.5891207960872554,A
23170,6857,11097.25,0.5896849268977696,A
22620,8181,11073.45,0.5902478478307654,A
22768,1158,11064.72,0.5908103249725539,A
B,1,11062.06,0.5913726668927375,A
22130,9737,10991.21,0.5919314071397205,A
21749,5657,10980.98,0.5924896273427113,A
22694,4893,10958.6,0.5930467098541533,A
20828,4423,10940.48,0.5936028712319554,A
22668,3587,10898.05,0.5941568756726524,A
21907,5163,10866.220000000001,0.5947092620292566,A
21498,26726,10851.92,0.595260921442646,A
37370,7145,10821.29,0.5958110237741703,A
21558,4207,10810.66,0.5963605857276266,A
21086,16658,10781.81,0.5969086810858559,A
22274,3773,10770.070000000002,0.5974561796389564,A
22904,3467,10755.050000000001,0.5980029146475054,A
22812,4879,10734.43,0.5985486014344398,A
21833,6239,10681.67,0.5990916061567579,A
21624,1771,10641.15,0.5996325510371836,A
21974,7046,10622.15,0.6001725300490021,A
22064,6606,10592.66,0.6007110099310721,A
22348,12453,10583.12,0.6012490048454309,A
22349,2571,10551.67,0.6017854009930691,A
22595,12535,10544.32,0.602321423502062,A
82001S,2926,10531.4,0.602856789220402,A
22302,4926,10492.45,0.6033901749080975,A
21890,3489,10451.6,0.6039214839782878,A
20754,5094,10444.82,0.6044524483858911,A
23208,6308,10441.91,0.6049832648630918,A
22418,12314,10417.73,0.6055128521454022,A
21982,32086,10395.88,0.6060413286788143,A
22174,5122,10374.33,0.6065687097138853,A
22992,5233,10373.99,0.6070960734649917,A
22725,2518,10324.92,0.6076209427333324,A
22120,1018,10314.19,0.6081452665400862,A
22089,3506,10303.35,0.6086690392933819,A
20979,8156,10271.81,0.6091912087047899,A
22380,4964,10217.66,0.6097106253906678,A
23582,4802,10206.41,0.6102294701806599,A
21531,4073,10174.12,0.6107466735023719,A
20682,3068,10171.31,0.6112637339772004,A
22748,4142,10161.4,0.6117802906752976,A
21892,7826,10151.28,0.6122963329212735,A
22771,7489,10147.08,0.6128121616594521,A
22970,4334,10140.6,0.6133276609856004,A
21033,4590,10132.11,0.613842728720987,A
22966,8219,10131.26,0.6143577532464621,A
21781,655,10125.72,0.6148724961449856,A
84792,2297,10119.51,0.6153869233569802,A
22180,975,10103.38,0.6159005305973625,A
23171,6247,10051.99,0.6164115254173387,A
22840,1323,10023.65,0.6169210795680347,A
21756,1612,9944.65,0.6174266177387328,A
22327,3065,9943.550000000001,0.6179320999907221,A
23076,8076,9935.76,0.6184371862365825,A
22645,5560,9925.13,0.6189417321043749,A
22131,5243,9914.89,0.6194457574198232,A
84880,1729,9894.99,0.6199487711149936,A
22300,4116,9891.4,0.6204516023118325,A
22466,5312,9857.18,0.6209526939284749,A
22429,2280,9844.039999999999,0.6214531175707225,A
20829,4820,9825.02,0.6219525743276594,A
20677,7774,9798.06,0.6224506605678781,A
21488,2384,9784.58,0.6229480615497376,A
22745,3976,9764.64,0.6234444488779116,A
79000,11973,9759.91,0.6239405957556378,A
22549,6521,9718.41,0.6244346329729852,A
47570B,973,9622.27,0.6249237828951808,A
22665,2955,9589.84,0.6254112842321699,A
23175,3160,9587.15,0.6258986488224982,A
22978,2464,9564.98,0.6263848863966677,A
82552,6955,9527.16,0.6268692013839572,A
35961,11430,9514.78,0.6273528870315963,A
16014,29355,9513.1,0.6278364872761165,A
22767,1004,9478.23,0.6283183148975668,A
22942,1221,9466.41,0.6287995416470733,A
21716,3709,9397.07,0.6292772434845157,A
20970,2490,9387.29,0.6297544481538014,A
21385,10832,9358.94,0.6302302116454551,A
22357,2073,9352.41,0.6307056431833191,A
84692,19085,9336.68,0.6311802750836467,A
22656,45,9290.0,0.6316525339973125,A
21243,5636,9287.699999999999,0.6321246759900414,A
21658,2225,9271.89,0.632596014278419,A
22219,9771,9270.48,0.633067280889179,A
22072,2405,9231.01,0.6335365410349957,A
20747,683,9224.92,0.6340054915945063,A
23319,3720,9219.53,0.6344741681523435,A
21745,2699,9201.49,0.634941927643356,A
22741,10652,9173.029999999999,0.6354082403648654,A
22121,1481,9167.61,0.6358742775596459,A
23318,3809,9162.41,0.6363400504114392,A
22195,5127,9144.24,0.6368048995878329,A
23080,1074,9117.62,0.6372683955314731,A
22244,4760,9101.96,0.6377310953960402,A
21933,4116,9087.63,0.6381930667923369,A
21777,1126,9075.51,0.6386544220661325,A
21041,2666,9049.29,0.6391144444412505,A
84030E,2122,9042.15,0.639574103853113,A
22989,2811,8999.27,0.6400315834520348,A
21715,3553,8987.24,0.6404884515036229,A
21985,25523,8972.11,0.6409445504187885,A
22839,579,8971.17,0.6414006015488758,A
22371,1828,8936.8,0.641854905473488,A
ADJUST,36,8897.929999999998,0.642307233434271,A
22141,3663,8895.210000000001,0.6427594231233376,A
23322,3069,8878.210000000001,0.6432107486141768,A
23439,3986,8855.51,0.6436609201462065,A
22215,1085,8809.93,0.6441087746102829,A
84839,1523,8747.05,0.644553432557622,A
21042,1473,8717.31,0.644996578666415,A
20974,13219,8686.54,0.6454381605764165,A
23256,2113,8667.07,0.6458787527252716,A
21980,31337,8650.14,0.6463184842343628,A
22895,2847,8648.49,0.6467581318653907,A
22212,4024,8642.300000000001,0.6471974648265933,A
84032A,3234,8624.1,0.6476358725873408,A
23534,1387,8608.9,0.6480735076532027,A
21381,5104,8568.0,0.6485090635597999,A
21135,5985,8567.24,0.6489445808316527,A
22110,2609,8563.76,0.649379921197045,A
23082,2328,8558.76,0.649815007386488,A
23078,6831,8553.34,0.650249818049202,A
22283,1032,8533.09,0.6506835992993216,A
21186,5272,8532.17,0.6511173337810666,A
21932,3871,8498.61,0.6515493622338404,A
23493,3964,8497.98,0.6519813586604446,A
72807C,1983,8489.17,0.6524129072290262,A
79323LP,1433,8481.19,0.6528440501327929,A
48189,1321,8470.28,0.6532746384246383,A
22073,2124,8457.89,0.6537045968684816,A
22079,5028,8457.84,0.6541345527705653,A
22354,2228,8454.56,0.6545643419332264,A
85049E,6316,8453.47,0.6549940756855307,A
22078,3984,8449.94,0.6554236299896147,A
22751,2264,8445.97,0.655852982477995,A
23535,1324,8440.24,0.6562820436807375,A
23321,4716,8438.54,0.6567110184636572,A
22329,5159,8430.45,0.6571395819898911,A
22358,2651,8393.61,0.657566272747731,A
51008,2604,8378.8,0.6579922106364094,A
22628,1744,8367.8,0.6584175893379995,A
22689,1092,8366.72,0.6588429131375846,A
21411,2090,8352.94,0.6592675364282535,A
21244,5045,8279.07,0.6596884045234487,A
21934,4597,8275.22,0.6601090769031629,A
21874,6332,8209.17,0.6605263916185877,A
85067,496,8201.99,0.6609433413373496,A
22055,4925,8179.19,0.6613591320137828,A
21238,9477,8164.0,0.6617741505036824,A
85049A,6151,8114.78,0.6621866668855376,A
84508A,3809,8091.4800000000005,0.6625979988074696,A
82551,5641,8081.139999999999,0.6630088050935385,A
20675,6465,8067.83,0.6634189347632307,A
22796,806,8020.45,0.6638266558616278,A
22738,4447,8012.57,0.664233976378729,A
22504,366,7985.03,0.6646398968947019,A
22592,1980,7956.84,0.665044384366673,A
21115,1247,7955.84,0.6654488210034543,A
21769,123,7954.87,0.6658532083301014,A
22353,3039,7917.89,0.6662557157714281,A
21116,1355,7900.01,0.6666573142795602,A
22350,2840,7883.44,0.6670580704485967,A
21875,6818,7882.08,0.667458757481775,A
22275,946,7875.33,0.6678591013774218,A
22890,800,7821.96,0.6682567321989866,A
21976,14570,7792.37,0.6686528588072838,A
84568,37066,7788.67,0.6690487973253786,A
22588,2849,7776.84,0.6694441344631774,A
23238,1849,7771.61,0.6698392057329334,A
20717,6296,7767.48,0.6702340670533554,A
21588,3351,7748.55,0.6706279660636336,A
23204,7976,7741.94,0.6710215290533069,A
23007,498,7741.749999999999,0.6714150823842941,A
21110,1640,7729.37,0.6718080063756311,A
22784,1551,7727.14,0.6722008170044946,A
84032B,3285,7699.25,0.6725922098399135,A
22165,976,7673.7300000000005,0.6729823053612874,A
22550,2058,7669.64,0.6733721929667349,A
22809,2568,7664.720000000001,0.6737618304630484,A
22813,3945,7663.83,0.6741514227160429,A
84968C,637,7629.25,0.6745392570881725,A
21870,6083,7627.49,0.6749270019903679,A
22528,5824,7623.41,0.6753145394849889,A
22669,2386,7613.9400000000005,0.6757015955703619,A
22493,4738,7608.12,0.67608835579493,A
22991,3887,7604.889999999999,0.676474951821835,A
22242,4756,7559.91,0.6768592612819008,A
22489,17916,7548.67,0.6772429993544326,A
22360,2503,7535.500000000001,0.6776260679275141,A
22224,2373,7527.9400000000005,0.6780087521865605,A
85065,620,7524.44,0.6783912585224423,A
85064,1595,7493.06,0.6787721696500669,A
21463,1349,7484.81,0.6791526613873753,A
22199,1827,7480.35,0.6795329263997368,A
21746,5965,7468.34,0.6799125808814683,A
82580,13249,7458.52,0.6802917361616356,A
11001,4829,7408.65,0.6806683562908853,A
72351A,3728,7368.68,0.6810429445375968,A
22945,7641,7365.7,0.6814173812954425,A
21737,398,7362.66,0.6817916635143112,A
21361,556,7361.74,0.6821658989648053,A
22739,4021,7357.44,0.6825399158239829,A
23382,1875,7356.18,0.6829138686308214,A
21876,5663,7351.25,0.6832875708201739,A
22798,2367,7336.09,0.6836605023480483,A
21114,5666,7306.14,0.6840319113619869,A
22282,561,7304.69,0.6844032466649003,A
21561,2969,7303.91,0.6847745423163655,A
22465,4517,7284.24,0.6851448380396464,A
22029,17602,7280.76,0.6855149568564667,A
22907,8686,7279.03,0.6858849877284086,A
23083,1932,7250.900000000001,0.6862535886064601,A
22414,1187,7203.57,0.6866197834549762,A
85174,1459,7193.46,0.6869854643597231,A
22626,837,7167.4800000000005,0.6873498245662377,A
22577,14023,7154.53,0.6877135264570438,A
22827,46,7150.0,0.6880769980644399,A
21981,26204,7129.46,0.6884394255170366,A
22644,4857,7069.88,0.6887988242090223,A
22781,867,7060.58,0.6891577501337424,A
23236,2493,7059.97,0.6895166450489967,A
23320,2661,7053.57,0.689875214619036,A
23215,3564,7038.400000000001,0.6902330130192453,A
21625,984,7037.62,0.6905907717680065,A
21700,6335,7028.51,0.6909480674081883,A
21984,25351,7023.95,0.6913051312399043,A
37450,2444,7023.14,0.6916621538951166,A
23543,1236,7010.76,0.6920185472106787,A
23283,994,7003.38,0.6923745653625396,A
23293,8471,6989.54,0.692729879955373,A
22618,718,6984.349999999999,0.6930849307135711,A
21497,17500,6978.0,0.6934396586683138,A
22567,5561,6955.83,0.6937932596068976,A
10002,8671,6942.26,0.6941461707119552,A
22498,1135,6933.740000000001,0.6944986487011953,A
22563,5942,6923.85,0.6948506239304078,A
22377,3618,6920.11,0.6952024090360103,A
21903,3436,6908.870000000001,0.6955536227540788,A
23254,1703,6903.110000000001,0.6959045436614539,A
22938,3687,6891.249999999999,0.6962548616634774,A
22220,745,6885.44,0.6966048843130479,A
22085,2538,6883.87,0.6969548271513704,A
21563,2786,6875.71,0.6973043551745438,A
85220,12236,6875.0,0.6976538471047323,A
47502,640,6855.75,0.6980023604575164,A
23103,4072,6846.16,0.6983503863008298,A
23109,2386,6835.0199999999995,0.6986978458401283,A
37448,4549,6827.21,0.6990449083565942,A
22378,3749,6826.51,0.6993919352884271,A
23541,872,6823.91,0.6997388300487665,A
22187,2104,6820.7,0.7000855616281463,A
35004B,1474,6809.65,0.7004317314786785,A
23297,4303,6792.23,0.7007770157802036,A
21989,8552,6790.7,0.7011222223038881,A
37500,881,6787.46,0.7014672641215576,A
20973,9863,6773.95,0.7018116191558122,A
22431,3365,6771.5199999999995,0.7021558506605555,A
22845,999,6764.599999999999,0.7024997303857851,A
22430,1397,6761.38,0.7028434464217035,A
21768,497,6756.09,0.7031868935394674,A
22311,2116,6755.56,0.7035303137145809,A
21992,3320,6744.8,0.7038731869030516,A
23229,1869,6739.71,0.704215801340406,A
22432,3532,6730.419999999999,0.7045579435188466,A
22810,2199,6729.130000000001,0.7049000201198924,A
23008,433,6719.61,0.7052416127699308,A
23480,1798,6719.14,0.70558318152743,A
22221,905,6702.33,0.705923895745388,A
22575,3113,6699.71,0.7062644767751486,A
22746,2910,6699.25,0.7066050344207218,A
22526,544,6689.67,0.7069451050651763,A
23247,2194,6681.25,0.7072847476773322,A
85014D,1918,6664.45,0.7076235362582988,A
85047,1051,6664.33,0.7079623187390425,A
23169,1556,6662.84,0.7083010254753535,A
47599B,3492,6662.54,0.7086397169611073,A
85068,960,6647.24,0.7089776306684566,A
22059,4940,6639.03,0.7093151270188973,A
22779,1735,6631.35,0.70965223295508,A
21107,2302,6624.77,0.7099890043957134,A
22661,8199,6620.45,0.7103255562283267,A
85175,15566,6606.26,0.7106613867095962,A
22898,3168,6604.16,0.7109971104369669,A
16156S,16661,6558.62,0.7113305191297921,A
21592,5876,6552.46,0.7116636146778479,A
84968A,529,6538.08,0.7119959792158737,A
21240,7581,6535.74,0.7123282247995553,A
22332,4158,6520.55,0.712659698196703,A
21201,2741,6517.16,0.7129909992625573,A
22080,3887,6512.44,0.7133220603863154,A
22364,2054,6498.610000000001,0.7136524184593979,A
23311,2390,6488.2,0.7139822473381541,A
22148,3237,6480.29,0.7143116741105586,A
22596,6331,6471.2,0.7146406387910875,A
21494,3833,6449.0,0.7149684749304018,A
23188,3471,6447.7699999999995,0.7152962485424327,A
22142,4300,6445.389999999999,0.7156239011667117,A
15060B,1414,6444.9800000000005,0.7159515329485628,A
23553,568,6444.65,0.7162791479548013,A
21500,15950,6443.0,0.7166066790829766,A
21239,7369,6438.39,0.7169339758609267,A
23134,1065,6431.110000000001,0.7172609025586947,A
22578,13302,6419.24,0.7175872258427591,A
23571,2841,6406.91,0.7179129223289329,A
22979,4090,6391.82,0.7182378517120919,A
79067,1615,6380.2,0.7185621903903447,A
23307,12049,6371.889999999999,0.7188861066281702,A
85062,3886,6363.28,0.7192095851750109,A
22063,2303,6356.06,0.719532696691781,A
23172,3861,6344.41,0.7198552159785894,A
22582,2522,6324.77,0.7201767368622691,A
84520B,7390,6321.62,0.7204980976151009,A
22783,482,6316.3,0.7208191879247228,A
47559B,5116,6311.69,0.7211400438841193,A
22849,403,6287.73,0.7214596818323673,A
22460,4771,6283.87,0.7217791235567824,A
22065,8640,6273.84,0.7220980554042433,A
84884A,1708,6248.28,0.7224156879042518,A
22185,3896,6224.72,0.7227321227271876,A
22906,3370,6214.83,0.7230480547900958,A
22826,58,6210.0,0.723363741319037,A
22435,4915,6185.22,0.7236781681519738,A
21714,4283,6182.39,0.7239924511213235,A
21078,7211,6181.25,0.7243066761385567,A
22780,1623,6167.59,0.7246202067470965,A
22222,1489,6160.84,0.724933394218105,A
22196,6586,6141.19,0.7252455827776328,A
84832,6794,6134.7,0.7255574414167787,A
22848,381,6128.599999999999,0.7258689899612665,A
21667,354,6126.25,0.7261804190430581,A
23192,3516,6114.24,0.7264912375942197,A
23118,813,6102.18,0.7268014430729918,A
21584,3769,6070.05,0.7271100152171142,A
21499,15052,6059.84,0.7274180683339482,A
22167,690,6056.33,0.7277259430192659,A
72802C,2184,6047.5599999999995,0.7280333718799685,A
22361,1845,6036.26,0.728340226303026,A
85178,5478,6024.52,0.7286464839209547,A
20751,2839,6023.26,0.728952677486544,A
23526,1012,6021.400000000001,0.7292587764986804,A
21586,2583,6018.75,0.7295647407975637,A
21918,14598,6013.14,0.729870419911032,A
22331,3660,6011.57,0.7301760192132521,A
21591,3978,6003.08,0.7304811869247104,A
22841,772,6002.52,0.7307863261684625,A
23296,4979,5985.55,0.7310906027390429,A
22045,14542,5981.64,0.731394680544031,A
22855,4795,5979.24,0.7316986363445634,A
23312,1423,5964.150000000001,0.7320018250420812,A
22278,1016,5959.53,0.7323047788810217,A
22491,7423,5950.0,0.7326072482606031,A
23052,654,5949.34,0.7329096840889592,A
22772,4377,5914.92,0.7332103701700807,A
48197,898,5905.64,0.7335105845006407,A
84509A,1523,5897.79,0.7338103997749601,A
21407,1294,5883.33,0.7341094799724345,A
23113,1154,5868.5,0.7344078062840435,A
22241,4349,5862.42,0.7347058235176981,A
22971,2431,5849.29,0.7350031732853101,A
23485,262,5843.92,0.7353002500679526,A
23154,2701,5842.88,0.7355972739819977,A
22737,3266,5840.43,0.7358941733498278,A
22660,881,5839.41,0.736191020865764,A
21832,3338,5836.76,0.7364877336684473,A
21988,7829,5820.099999999999,0.7367835995568677,A
85132C,2062,5818.94,0.7370794064764679,A
85038,2778,5803.58,0.7373744325675521,A
22951,10993,5785.97,0.7376685634509431,A
22200,1296,5784.92,0.7379626409573847,A
22687,895,5784.67,0.7382567057550289,A
21313,6711,5771.11,0.7385500812274988,A
22899,2773,5769.76,0.7388433880724624,A
22964,2761,5768.830000000001,0.7391366476406994,A
37495,1560,5732.6,0.7394280654500083,A
21452,1875,5731.330000000001,0.7397194186986261,A
22441,2644,5729.570000000001,0.7400106824773098,A
23205,5857,5726.38,0.740301784091738,A
21577,2556,5716.5199999999995,0.7405923844711942,A
22070,1835,5701.49,0.740882220797747,A
22341,3467,5698.889999999999,0.7411719249528063,A
22115,2889,5695.1,0.741461436442496,A
22060,733,5691.41,0.7417507603503352,A
84968B,428,5681.41,0.742039575906276,A
21528,899,5680.15,0.7423283274098775,A
21703,14577,5646.47,0.7426153667842851,A
22335,8666,5644.77,0.7429023197388699,A
22854,1160,5624.5,0.7431882422641565,A
22653,3031,5618.21,0.743473845036099,A
21207,3601,5597.42,0.7437583909444446,A
22119,896,5543.87,0.7440402146283739,A
23531,976,5538.26,0.7443217531268882,A
22156,6156,5537.57,0.7446032565491216,A
21730,1115,5534.17,0.7448845871317095,A
23126,1109,5532.04,0.7451658094353429,A
21900,8323,5529.14,0.7454468843169259,A
23133,782,5525.4,0.7457277690748988,A
23177,2532,5521.29,0.7460084449002414,A
22534,12891,5514.79,0.74628879029685,A
23158,2633,5513.83,0.7465690868916764,A
22670,4432,5510.57,0.746849217763784,A
23583,3385,5497.33,0.7471286755779779,A
84971S,6489,5493.3099999999995,0.7474079290347088,A
40016,15435,5487.3099999999995,0.7476868774803005,A
21112,2222,5484.26,0.7479656708785631,A
82599,2505,5479.4400000000005,0.7482442192512108,A
22168,659,5475.93,0.7485225891923419,A
79029,2944,5473.82,0.7488008518712227,A
22203,1402,5469.51,0.7490788954504352,A
20983,6280,5469.08,0.749356917170516,A
72756,4012,5459.48,0.7496344508727742,A
22437,6514,5457.97,0.7499119078138959,A
85061W,6306,5451.49,0.7501890353429874,A
22483,1877,5440.51,0.7504656047016943,A
20978,4117,5438.57,0.7507420754401329,A
21432,942,5435.91,0.7510184109569665,A
16161P,13198,5435.4,0.7512947205478534,A
22186,2004,5431.400000000001,0.7515708267979809,A
22763,662,5430.59,0.7518468918716045,A
85063,308,5426.74,0.7521227612297473,A
23135,1541,5416.18,0.7523980937682853,A
22602,6383,5415.59,0.7526733963140613,A
21069,5099,5404.360000000001,0.7529481279806552,A
84937,2542,5394.54,0.7532223604456849,A
84968D,472,5393.71,0.7534965507175071,A
22443,683,5393.43,0.7537707267554761,A
21491,2878,5367.009999999999,0.7540435597277293,A
22218,1232,5365.66,0.7543163240724763,A
23494,809,5354.01,0.7545884961872616,A
35832,1737,5341.85,0.7548600501461383,A
37446,3691,5332.25,0.7551311160871926,A
22842,818,5308.58,0.7554009787593032,A
21363,984,5296.4800000000005,0.7556702263256166,A
22175,1824,5278.31,0.7559385502165307,A
22801,1300,5277.95,0.7562068558067763,A
22998,12366,5262.82,0.7564743922605995,A
21718,4030,5250.3,0.7567412922578459,A
22896,2076,5230.55,0.757007188260093,A
22564,4570,5221.4,0.7572726191203528,A
22476,1332,5218.61,0.757537908150433,A
21993,2849,5216.88,0.7578031092356348,A
22117,1765,5207.7300000000005,0.7580678451788495,A
22691,758,5198.6,0.7583321169967808,A
22030,12735,5197.84,0.758596350179968,A
22775,3633,5190.03,0.7588601863403223,A
22433,2778,5186.28,0.7591238318687147,A
21587,2071,5173.05,0.7593868048475456,A
21872,5092,5163.8,0.7596493076008703,A
22894,561,5160.78,0.7599116568319217,A
22472,1099,5160.32,0.7601739826787859,A
85132A,1348,5152.07,0.7604358891353338,A
23263,3863,5147.19,0.7606975475161551,A
21713,2733,5145.4400000000005,0.7609591169353943,A
23162,1412,5143.6900000000005,0.7612205973930513,A
23157,2557,5143.06,0.7614820458245386,A
23165,3114,5141.0599999999995,0.7617433925856463,A
22412,2401,5140.820000000001,0.7620047271463084,A
23132,1020,5138.6,0.762265948852849,A
22571,5780,5135.24,0.7625269997531517,A
22426,1333,5133.3,0.7627879520331863,A
22509,387,5130.36,0.7630487548577626,A
21495,12465,5119.3,0.7633089954451392,A
22610,12680,5107.54,0.7635686382106832,A
22374,1023,5099.84,0.7638278895452654,A
23397,489,5097.65,0.7640870295507819,A
21471,1406,5095.63,0.7643460668692149,A
23234,1722,5079.78,0.7646042984498889,A
23295,6134,5073.45,0.764862208243811,A
20977,3792,5069.99,0.7651199421479763,A
21578,2205,5062.86,0.765377313597238,A
23198,3342,5062.599999999999,0.7656346718293504,A
21544,6064,5052.21,0.7658915018838403,A
46000S,3471,5032.95,0.7661473528525737,A
21706,1348,5026.21,0.7664028611921276,A
22957,1775,5014.650000000001,0.7666577818768869,A
23314,407,5012.96,0.7669126166501754,A
22732,3773,5001.84,0.7671668861361528,A
84796B,600,4999.79,0.767421051409991,A
21071,4269,4998.32,0.7676751419561,A
23310,12050,4997.28,0.7679291796336116,A
22318,1583,4983.9800000000005,0.7681825412030984,A
47568,2384,4983.02,0.7684358539708028,A
21056,545,4961.33,0.7686880641232395,A
22604,2017,4957.62,0.7689400856771219,A
22583,1873,4955.75,0.7691920121691992,A
21896,2387,4944.04,0.7694433433812035,A
23556,436,4937.01,0.7696943172218231,A
23570,2772,4931.87,0.7699450297695669,A
85184C,2275,4891.71,0.7701937007760866,A
22276,1889,4884.860000000001,0.7704420235615559,A
23010,315,4879.599999999999,0.7706900789539265,A
22956,2494,4878.900000000001,0.7709380987616642,A
23351,3535,4875.65,0.7711859533550349,A
23503,3643,4860.55,0.7714330403370391,A
22107,1240,4840.59,0.7716791126486539,A
84270,22936,4824.3,0.771924356855026,A
22593,5420,4823.9,0.7721695807273222,A
22027,11297,4806.49,0.7724139195589633,A
23554,422,4805.53,0.772658209588822,A
21986,13476,4786.13,0.7729015134159978,A
23555,421,4780.57,0.773144534599518,A
21249,1661,4770.530000000001,0.7733870453977322,A
21534,938,4768.64,0.7736294601174376,A
22442,866,4765.32,0.7738717060643127,A
23184,874,4764.5,0.774113910326332,A
22128,3923,4759.59,0.7743558649875694,A
20681,1405,4757.15,0.7745976956109434,A
22688,865,4756.7,0.774839503358482,A
23389,1115,4751.49,0.7750810462546814,A
21916,11011,4751.06,0.7753225672917493,A
23286,5048,4747.62,0.7755639134557641,A
22474,972,4746.53,0.7758052042094219,A
22672,2850,4736.11,0.7760459652604016,A
22399,4040,4734.6,0.7762866495502446,A
22434,2547,4733.49,0.7765272774130269,A
85049G,3829,4718.62,0.7767671493565361,A
23569,954,4717.66,0.7770069724982632,A
23159,2293,4713.52,0.7772465851823043,A
22305,2267,4711.53,0.7774860967043175,A
23558,415,4703.87,0.7777252188287764,A
23176,2165,4693.08,0.7779637924415371,A
22304,2380,4689.56,0.7782021871144295,A
20961,3530,4687.65,0.7784404846921092,A
22562,3978,4682.3,0.7786785103015235,A
20963,3459,4676.15,0.7789162232745199,A
22721,1020,4671.81,0.7791537156227926,A
23241,2165,4669.55,0.7793910930835362,A
22075,3079,4660.69,0.7796280201444977,A
82581,8399,4649.0,0.7798643529420899,A
72807B,1059,4645.87,0.7801005266255379,A
15044B,1670,4644.13,0.7803366118557556,A
22574,5074,4629.17,0.7805719365915332,A
21328,2441,4612.63,0.7808064205132708,A
21878,5586,4586.48,0.7810395750947939,A
22800,1127,4586.4,0.7812727256095018,A
21811,6340,4577.18,0.7815054074237593,A
23285,4807,4572.41,0.7817378467541612,A
10135,4226,4566.21,0.7819699709063862,A
23404,1011,4561.76,0.7822018688420164,A
15044D,1596,4559.650000000001,0.7824336595153959,A
23168,3291,4558.67,0.7826654003702893,A
51014A,6671,4556.5,0.7828970309128209,A
22601,5250,4547.19,0.783128188179735,A
85184D,8311,4546.78,0.7833593246042211,A
22743,1502,4542.500000000001,0.7835902434540948,A
37447,2891,4540.849999999999,0.7838210784259052,A
22736,2527,4538.28,0.7840517827512776,A
21614,1627,4538.17,0.7842824814847793,A
21506,10878,4534.49,0.7845129931447823,A
21990,2453,4530.54,0.7847433040057854,A
21564,1951,4524.5,0.7849733078222418,A
22908,5610,4524.0,0.7852032862211034,A
23275,3720,4521.72,0.7854331487157321,A
23163,1832,4515.22,0.7856626807816268,A
23112,546,4507.08,0.7858917990490761,A
22760,356,4506.889999999999,0.7861209076578395,A
22451,1339,4496.99,0.7863495129982233,A
23309,8275,4495.849999999999,0.7865780603864906,A
84968E,387,4490.48,0.7868063347897886,A
22747,2035,4487.2,0.7870344424536637,A
84279P,1145,4476.67,0.7872620148229899,A
21109,1173,4476.49,0.7874895780419818,A
23167,5847,4476.01,0.7877171168600826,A
23288,4625,4444.2300000000005,0.7879430401358503,A
23530,1056,4436.27,0.7881685587635066,A
21064,884,4432.92,0.788393907093277,A
21864,1853,4431.54,0.7886191852704854,A
22299,3912,4430.82,0.788844426846357,A
22733,3441,4425.49,0.789069397470667,A
79341,725,4423.69,0.789294276591635,A
22291,3193,4412.929999999999,0.7895186087259604,A
22548,3526,4404.31,0.7897425026609493,A
84031A,1098,4404.0199999999995,0.7899663818537331,A
22573,4907,4403.83,0.7901902513878309,A
21967,15652,4401.44,0.7904139994258249,A
22594,4791,4377.33,0.7906365218273919,A
22449,1323,4374.45,0.790858897823612,A
21810,6959,4374.41,0.7910812717864244,A
85053,2032,4363.28,0.791303079953574,A
79320,904,4357.38,0.7915245881931035,A
22071,1530,4355.88,0.7917460201798482,A
84598,20775,4350.14,0.7919671603726032,A
20674,3412,4348.52,0.7921882182123505,A
15039,5101,4345.62,0.7924091286300474,A
22227,6021,4344.17,0.792629965336719,A
23349,3221,4342.6,0.7928507222321425,A
21537,1005,4338.71,0.7930712813786776,A
22611,907,4338.63,0.7932918364583975,A
22202,1074,4336.25,0.7935122705503656,A
84997b,514,4322.57,0.7937320092169364,A
21899,6676,4322.47,0.7939517427999885,A
22892,3520,4322.06,0.7941714555406125,A
22425,854,4321.52,0.7943911408302341,A
21913,1129,4302.48,0.7946098582178411,A
47580,1662,4298.6,0.7948283783649114,A
21153,393,4294.6900000000005,0.7950466997463894,A
21012,2297,4293.7,0.7952649708010294,A
23050,497,4286.55,0.7954828783840622,A
84969,969,4279.93,0.7957004494381381,A
23237,1053,4274.39,0.7959177388652623,A
21245,2567,4268.36,0.7961347217561916,A
20966,3007,4265.24,0.7963515460413287,A
22723,1164,4262.820000000001,0.7965682473053064,A
72802B,1559,4258.97,0.7967847528538032,A
22530,10065,4257.09,0.7970011628321431,A
20665,1335,4256.34,0.7972175346840905,A
22312,1233,4254.05,0.7974337901234532,A
22285,2705,4248.01,0.7976497385182693,A
22744,1515,4245.17,0.7978655425411462,A
21556,1607,4244.41,0.7980813079292787,A
20982,4851,4243.8,0.7982970423079455,A
22497,929,4239.07,0.7985125362361644,A
21068,4066,4224.63,0.7987272961042419,A
21355,3452,4218.05,0.7989417214767702,A
23089,2354,4215.78,0.7991560314534175,A
72807A,924,4213.54,0.7993702275592395,A
22600,4860,4209.9,0.7995842386249705,A
22797,242,4205.5599999999995,0.7997980290659776,A
84950,6041,4199.27,0.8000114997536406,B
23144,5089,4197.83,0.8002248972386302,B
23012,1071,4197.110000000001,0.8004382581222831,B
22851,5167,4193.679999999999,0.8006514446412347,B
21470,1102,4190.93,0.8008644913634144,B
21474,210,4189.5,0.8010774653912726,B
21609,1499,4186.29,0.8012902762381713,B
21707,1005,4184.95,0.8015030189659157,B
22833,120,4163.54,0.8017146733122453,B
22127,3468,4153.11,0.801925797447545,B
22926,680,4150.31,0.8021367792443131,B
21143,2088,4149.15,0.8023477020722611,B
23110,700,4147.18,0.802558524754885,B
23486,275,4145.47,0.8027692605093343,B
21590,3448,4141.28,0.802979783264338,B
70006,4438,4139.56,0.8031902185828154,B
23306,2808,4123.38,0.803399831387921,B
23255,1014,4097.22,0.8036081143444603,B
22125,653,4089.09,0.803815984010906,B
22807,1375,4086.5600000000004,0.8040237250643215,B
16161U,10026,4084.92,0.8042313827480256,B
23009,263,4082.52,0.8044389184272741,B
21911,2546,4080.85,0.8046463692117556,B
23193,1922,4079.28,0.8048537401849889,B
21472,1056,4077.82,0.8050610369388451,B
23194,1835,4077.37,0.8052683108168659,B
84596B,6221,4074.67,0.8054754474398741,B
20981,4718,4069.16,0.8056823039609863,B
21901,6158,4061.51,0.8058887715928961,B
22359,1278,4052.18,0.8060947649324847,B
84580,1057,4051.94,0.8063007460716276,B
72349B,1990,4049.9900000000002,0.8065066280821505,B
35924,2164,4049.4,0.8067124800999113,B
21717,1554,4039.63,0.8069178354578673,B
23081,483,4038.25,0.8071231206632613,B
21679,4871,4034.5099999999998,0.8073282157450453,B
23340,2500,4034.08,0.8075332889676977,B
22639,1651,4021.12,0.8077377033662897,B
22053,4551,4020.89,0.807942106072788,B
22284,2465,4017.7400000000002,0.8081463486484383,B
22057,3060,4011.73,0.8083502857045977,B
21349,553,4010.73,0.8085541719255671,B
23129,950,3999.5,0.8087574872673546,B
20967,1055,3997.34,0.808960692805132,B
23130,962,3988.98,0.8091634733607225,B
22245,4633,3988.85,0.8093662473077381,B
21987,6417,3988.06,0.8095689810949538,B
22612,1001,3984.99,0.8097715588181367,B
85206A,2327,3982.91,0.8099740308041246,B
22959,9738,3981.96,0.8101764544966823,B
22731,2958,3965.62,0.8103780475422377,B
21648,2940,3956.48,0.8105791759541582,B
22445,1287,3948.8600000000006,0.8107799170019319,B
22788,476,3942.62,0.8109803408381209,B
22454,1405,3933.6300000000006,0.8111803076659533,B
23557,350,3930.27,0.8113801036875478,B
18097C,1763,3924.92,0.8115796277408766,B
21812,805,3917.4900000000002,0.8117787740887449,B
22980,2363,3910.01,0.811977540189393,B
23049,456,3896.84,0.812175636790591,B
22314,1110,3888.4800000000005,0.8123733084096019,B
21192,2167,3885.64,0.8125708356566737,B
22790,200,3884.000000000001,0.812768279534034,B
23552,1863,3881.91,0.8129656171658476,B
37340,13665,3881.33,0.813162925313251,B
22843,595,3858.51,0.8133590734016222,B
22475,769,3856.8,0.8135551345618187,B
22591,1347,3854.15,0.8137510610087623,B
23032,2328,3853.68,0.8139469635631664,B
23253,258,3848.86,0.8141426210919556,B
22478,2772,3848.41,0.8143382557449093,B
22272,1371,3848.34,0.8145338868393998,B
22778,972,3844.46,0.8147293206933537,B
21447,2776,3842.63,0.8149246615189101,B
22118,799,3842.07,0.8151199738767603,B
23111,312,3839.2400000000002,0.8153151423710231,B
21055,386,3839.0899999999997,0.8155103032400075,B
22777,455,3838.82,0.8157054503834906,B
23131,942,3835.98,0.8159004531550346,B
22965,1842,3834.0400000000004,0.8160953573063102,B
21067,4763,3830.67,0.816290090142996,B
85040B,2451,3813.7799999999997,0.8164839643733254,B
21846,1601,3803.4,0.8166773109343842,B
21034,4002,3801.9,0.8168705812426582,B
23542,506,3800.16,0.8170637630977019,B
22579,7152,3797.2799999999997,0.8172567985473989,B
21100,2540,3795.0,0.8174497180928629,B
84016,1004,3791.67,0.8176424683571448,B
22458,1523,3790.47,0.8178351576191989,B
72802A,914,3789.9,0.8180278179051949,B
71038,717,3789.25,0.8182204451483173,B
22292,2779,3773.74,0.8184122839376452,B
23299,1012,3772.88,0.81860407900871,B
84356,750,3771.04,0.8187957805430254,B
21743,1288,3767.0800000000004,0.818987280769989,B
21627,195,3766.35,0.8191787438872639,B
21813,815,3761.4100000000003,0.8193699558787011,B
22830,181,3760.71,0.8195611322855054,B
21329,2082,3760.66,0.8197523061505502,B
23127,736,3759.0,0.8199433956291798,B
21845,2521,3758.4100000000003,0.8201344551150475,B
23092,523,3757.78,0.8203254825747455,B
22544,9382,3756.52,0.8205164459821043,B
85049C,2981,3746.29,0.820706889345471,B
22162,1218,3737.9,0.8208969062015948,B
21795,441,3734.9400000000005,0.8210867725855567,B
22494,2765,3730.92,0.8212764346120556,B
23064,221,3717.56,0.821465417480418,B
22782,254,3712.2999999999997,0.8216541329556819,B
21351,1099,3702.75,0.8218423629548828,B
23182,3741,3688.21,0.8220298538104233,B
22398,4239,3687.48,0.8222173075562751,B
21246,749,3685.63,0.8224046672570259,B
20692,908,3682.76,0.8225918810607816,B
23013,924,3674.1600000000003,0.8227786576819048,B
20785,102,3672.35,0.8229653422913343,B
22769,174,3656.86,0.8231512394636731,B
23091,580,3656.32,0.8233371091850094,B
23497,2558,3656.02,0.8235229636557887,B
22823,32,3655.0,0.8237087662746744,B
22962,4366,3640.93,0.823893853642439,B
85040A,2065,3639.89,0.8240788881416061,B
21486,1116,3638.67,0.8242638606218416,B
85232D,701,3636.66,0.8244487309233456,B
23191,2201,3628.89,0.8246332062354245,B
84558A,1259,3628.11,0.8248176418960551,B
22589,1317,3626.78,0.8250020099458834,B
85114B,2017,3618.05,0.8251859342045043,B
23294,4392,3607.81,0.8253693379107812,B
22461,410,3607.81,0.8255527416170582,B
21866,2168,3591.5,0.8257353162013886,B
22774,2791,3591.06,0.8259178684182356,B
21509,8696,3587.2200000000003,0.8261002254279536,B
22536,9091,3586.2400000000002,0.8262825326191855,B
23085,376,3583.23,0.826464686796496,B
22944,4870,3577.9900000000002,0.8266465745974118,B
84968F,298,3571.77,0.8268281462034466,B
20784,101,3570.87,0.8270096720578105,B
22704,8678,3564.76,0.8271908873091646,B
22334,2230,3552.3599999999997,0.8273714722041644,B
21794,713,3552.09,0.8275520433736631,B
22603,4143,3552.0899999999997,0.8277326145431618,B
23210,2849,3551.53,0.8279131572449541,B
22320,598,3545.02,0.8280933690096606,B
22176,1184,3542.7300000000005,0.8282734643617823,B
23332,2059,3542.71,0.8284535586972003,B
20886,1777,3540.22,0.8286335264529956,B
21784,290,3538.2799999999997,0.8288133955885224,B
21054,382,3538.0,0.8289932504901962,B
20786,99,3533.9,0.8291728969675917,B
22166,440,3528.75,0.8293522816437593,B
47505,737,3527.42,0.8295315987091245,B
21179,4284,3517.9,0.8297104318234824,B
23353,4007,3510.05,0.8298888658816,B
22765,311,3508.3,0.8300672109781354,B
22531,8136,3507.76,0.8302455286236682,B
23189,1249,3507.5099999999998,0.8304238335604035,B
22902,1716,3506.56,0.8306020902037086,B
84352,206,3505.58,0.8307802970285275,B
22939,700,3502.54,0.8309583493143694,B
22076,2353,3490.19,0.8311357737856165,B
21469,1165,3482.01,0.8313127824250108,B
21466,927,3479.79,0.8314896782102836,B
22764,183,3462.49,0.8316656945467722,B
22309,1331,3459.08,0.8318415375352634,B
21507,8223,3455.41,0.8320171939586077,B
22172,378,3451.82,0.8321926678836207,B
23350,2712,3445.08,0.8323677991794539,B
23426,1275,3444.43,0.8325428974324138,B
85123a,516,3444.02,0.8327179748429459,B
23536,626,3442.13,0.8328929561749692,B
23232,8526,3436.92,0.8330676726556534,B
23388,821,3432.09,0.8332421436023706,B
23354,3740,3429.4,0.8334164778024271,B
23065,273,3427.44,0.8335907123655115,B
21039,1313,3423.65,0.8337647542632265,B
23156,1665,3423.29,0.8339387778602729,B
23014,856,3419.5800000000004,0.8341126128587653,B
21191,1479,3408.61,0.8342858901952248,B
21902,5359,3408.03,0.8344591380472743,B
21364,468,3407.7200000000003,0.834632370140415,B
84472,87,3402.32,0.8348053277235306,B
37501,481,3401.15,0.834978225829474,B
22440,8523,3399.41,0.835151035482187,B
21123,2751,3393.06,0.8353235223314446,B
22459,1378,3389.74,0.8354958404078718,B
44230,347,3381.62,0.8356677457025575,B
22428,459,3379.67,0.835839551868623,B
21327,1926,3378.5099999999998,0.8360112990658682,B
22862,758,3373.22,0.8361827773449594,B
22822,581,3367.35,0.8363539572214859,B
21211,2405,3365.64,0.8365250501698379,B
84797A,481,3361.25,0.8366959199517064,B
22223,726,3359.66,0.8368667089056232,B
22452,1271,3358.1000000000004,0.8370374185566437,B
22477,2414,3356.74,0.8372080590718061,B
23239,842,3353.84,0.8373785521649179,B
22047,8250,3351.0,0.8375489008860905,B
15058B,438,3327.67,0.837718063622284,B
21917,8010,3324.22,0.8378870509770726,B
22136,1989,3322.22,0.8380559366614815,B
84828,2503,3315.18,0.8382244644661538,B
84813,422,3300.7599999999998,0.8383922592273886,B
22183,586,3297.25,0.8385598755571071,B
20702,782,3296.7,0.838727463927471,B
22122,1095,3290.0800000000004,0.8388947157688783,B
37410,25707,3288.65,0.8390618949159641,B
22281,511,3285.86,0.8392289322328701,B
22762,204,3276.62,0.839395499832622,B
23308,6139,3272.6099999999997,0.8395618635832626,B
22967,1171,3271.4100000000003,0.8397281663316755,B
22794,389,3271.35,0.8398944660299769,B
84975,1990,3266.4,0.8400605140940886,B
21467,1025,3263.75,0.8402264274449471,B
84031B,839,3263.03,0.840392304194469,B
23395,748,3257.08,0.8405578784746114,B
23053,364,3254.32,0.8407233124496297,B
84510A,2402,3254.14,0.8408887372743139,B
21477,273,3248.94,0.8410538977560109,B
84849B,1936,3244.14,0.8412188142287966,B
22419,6847,3242.59,0.8413836519070381,B
21829,15035,3242.18,0.8415484687428517,B
22792,3489,3241.1299999999997,0.8417132322017161,B
18098C,1223,3231.13,0.841877487308682,B
23051,365,3223.49,0.8420413540347974,B
20992,6151,3220.3999999999996,0.8422050636801762,B
22972,1882,3219.7400000000002,0.8423687397743297,B
23230,7976,3217.92,0.8425323233484378,B
21732,925,3214.57,0.8426957366246597,B
21473,157,3212.16,0.8428590273880742,B
22194,373,3212.1,0.8430223151013773,B
84837,251,3210.04,0.8431854980941892,B
79323GR,532,3209.36,0.843348646519072,B
23393,801,3207.91,0.8435117212329297,B
23035,2191,3199.99,0.8436743933320837,B
84596F,4720,3196.43,0.8438368844579619,B
79164,3653,3196.01,0.8439993542330604,B
21333,1057,3192.09,0.8441616247342146,B
21111,1379,3187.1600000000003,0.844323644617883,B
21830,7658,3185.6,0.8444855851986551,B
21628,164,3185.2799999999997,0.8446475095121665,B
22503,141,3178.02,0.8448090647621996,B
23342,373,3176.41,0.8449705381675772,B
22773,2392,3171.11,0.8451317421464484,B
21557,932,3169.3900000000003,0.8452928586887932,B
22863,1107,3166.61,0.8454538339093102,B
21949,2598,3164.18,0.8456146856003158,B
22702,1589,3156.3199999999997,0.8457751377267293,B
82494l,378,3155.93,0.8459355700274188,B
22700,1384,3155.4,0.8460959753854577,B
84944,1135,3153.88,0.8462563034740079,B
15058A,476,3153.73,0.8464166239372798,B
21519,7356,3149.93,0.8465767512268301,B
22406,2487,3149.35,0.8467368490319703,B
23323,1469,3146.78,0.8468968161906727,B
22313,985,3146.07,0.8470567472563902,B
21705,2534,3145.71,0.8472166600214396,B
22325,699,3139.99,0.8473762820092029,B
21820,795,3132.39,0.8475355176495234,B
82578,5595,3129.2400000000002,0.8476945931589959,B
22095,2978,3123.0299999999997,0.8478533529819393,B
22347,2716,3119.18,0.8480119170894019,B
22310,1739,3113.94,0.8481702148204697,B
23346,2628,3112.34,0.8483284312152338,B
21352,880,3110.28,0.8484865428895068,B
21272,2348,3109.83,0.8486446316879444,B
22891,644,3103.7,0.8488024088666681,B
22177,325,3101.46,0.8489600721745667,B
84997d,371,3097.38,0.8491175280748908,B
47504K,2654,3096.08,0.849274917889468,B
22129,3246,3095.12,0.8494322589022628,B
22572,3439,3087.18,0.8495891962836504,B
85227,3440,3086.44,0.8497460960469975,B
20956,2338,3083.82,0.8499028626221472,B
79072,284,3083.2,0.8500595976794791,B
22963,3696,3079.41,0.8502161400714415,B
84279B,808,3076.92,0.8503725558837814,B
21765,371,3076.39,0.8505289447534705,B
22372,604,3073.43,0.8506851831509976,B
22154,7114,3073.32,0.850841415956654,B
84912B,1125,3072.64,0.8509976141943812,B
22473,811,3070.92,0.8511537249955818,B
22757,2696,3070.18,0.8513097981787421,B
21206,2155,3067.9,0.8514657554576694,B
21786,7471,3049.03,0.8516207534765643,B
20985,2370,3047.99,0.8517756986268619,B
21408,703,3045.31,0.8519305075388506,B
22754,3924,3044.8599999999997,0.8520852935750038,B
23461,847,3041.21,0.8522398940627143,B
23329,1767,3038.19,0.8523943410281513,B
22208,2366,3036.9500000000003,0.8525487249579529,B
22037,7054,3035.7,0.8527030453437672,B
15044C,967,3027.26,0.8528569366805792,B
23390,747,3025.59,0.8530107431226241,B
23242,1470,3024.63,0.8531645007628869,B
22067,1855,3019.32,0.8533179884682915,B
21626,1496,3017.0699999999997,0.853471361794519,B
22402,3431,3012.78,0.8536245170377822,B
22805,2207,3008.82,0.8537774709736934,B
23231,7277,3008.34,0.8539304005087135,B
22712,7295,3002.42,0.8540830290994099,B
22755,3776,2997.63,0.8542354141895467,B
84912A,1094,2996.44,0.8543877387858078,B
22132,3345,2989.81,0.8545397263447599,B
22925,488,2989.52,0.8546916991615072,B
21354,2476,2979.46,0.8548431605762447,B
22375,590,2969.29,0.8549941049971013,B
22519,1425,2968.77,0.8551450229836592,B
84997c,353,2958.87,0.8552954377018377,B
22905,1077,2957.17,0.8554457660001935,B
22674,2377,2956.33,0.8555960515969897,B
22664,1429,2954.19,0.8557462284064797,B
22816,6856,2950.93,0.8558962394932509,B
22927,468,2948.57,0.8560461306089739,B
23211,2329,2930.57,0.8561951066912799,B
22277,1400,2927.4900000000002,0.8563439262012008,B
85049D,2330,2922.96,0.856492515427712,B
21948,2293,2921.36,0.8566410233179194,B
21214,2006,2920.8199999999997,0.8567895037571243,B
22990,633,2917.43,0.8569378118650355,B
22518,1398,2899.8,0.8570852237485498,B
23056,963,2898.12,0.8572325502289452,B
22897,1956,2894.75,0.8573797053947507,B
23290,2430,2890.3500000000004,0.8575266368857211,B
22184,389,2887.07,0.8576734016372687,B
23345,2451,2886.25,0.8578201247039605,B
22955,1448,2885.26,0.8579667974438145,B
22811,1021,2884.13,0.8581134127399039,B
21709,696,2876.72,0.8582596513472366,B
21465,793,2875.6400000000003,0.8584058350525642,B
20752,1500,2868.2000000000003,0.8585516405440793,B
21821,713,2866.6,0.8586973646992908,B
22480,2368,2863.06,0.8588429088979301,B
21424,955,2861.6400000000003,0.8589883809105999,B
23212,2296,2860.89,0.8591338147968773,B
23427,237,2860.58,0.8592792329242458,B
22293,2034,2860.2,0.8594246317342422,B
22949,2010,2858.19,0.859569928365507,B
22581,3565,2852.6299999999997,0.8597149423531163,B
23504,1927,2848.8900000000003,0.8598597662171156,B
22930,1108,2846.8,0.8600044838355682,B
21324,1014,2845.71,0.8601491460436637,B
21688,912,2845.6500000000005,0.8602938052016478,B
22983,6695,2843.55,0.8604383576057333,B
23196,1872,2842.24,0.86058284341572,B
21439,2259,2837.54,0.8607270903003145,B
22576,3132,2835.08,0.8608712121303418,B
22710,7184,2821.28,0.8610146324347495,B
22217,2374,2814.81,0.8611577238354787,B
22671,1688,2811.34,0.8613006388380993,B
21508,6716,2808.62,0.8614434155690035,B
35001W,883,2806.69,0.8615860941879914,B
22450,834,2798.28,0.8617283452830325,B
84909A,209,2797.55,0.8618705592683852,B
22974,1636,2795.81,0.8620126848005074,B
22696,1415,2790.83,0.8621545571733841,B
21360,441,2790.41,0.8622964081954813,B
22101,1909,2790.27,0.8624382521006517,B
85199S,6022,2789.2799999999997,0.8625800456789843,B
84519A,1200,2788.4500000000003,0.8627217970641092,B
21796,324,2782.19,0.8628632302209459,B
21728,298,2773.11,0.8630042017942586,B
21188,912,2771.34,0.8631450833892853,B
21682,559,2767.59,0.8632857743523501,B
85132B,919,2767.53,0.8634264622653036,B
22597,4613,2766.08,0.8635670764672316,B
22416,1970,2763.36,0.8637075523974433,B
23190,1702,2761.9,0.8638479541082779,B
22081,1559,2761.04,0.8639883121008491,B
21683,936,2757.4700000000003,0.8641284886117927,B
22675,2227,2754.95,0.8642685370180578,B
15058C,470,2753.72,0.8644085228970394,B
22145,1306,2752.66,0.8645484548907197,B
84795C,325,2752.59,0.8646883833259369,B
23147,1868,2752.2,0.86482829193543,B
51014C,4268,2751.5,0.8649681649602902,B
23396,654,2750.5299999999997,0.8651079886750163,B
85015,2908,2750.0,0.8652477854470917,B
22315,2136,2749.51,0.8653875573099241,B
22525,1946,2748.79,0.8655272925714198,B
23266,2053,2743.82,0.865666775182022,B
23341,307,2741.35,0.8658061322297054,B
22482,2319,2739.43,0.8659453916738241,B
23100,2166,2739.38,0.8660846485761833,B
22161,6726,2738.28,0.8662238495598338,B
85183B,1725,2731.7599999999998,0.8663627190980465,B
22066,3435,2729.16,0.8665014564647655,B
21788,3375,2725.0899999999997,0.8666399869322619,B
22651,3175,2720.86,0.8667783023669052,B
22818,6290,2720.86,0.8669166178015485,B
22914,570,2720.66,0.8670549230691539,B
23164,578,2718.65,0.8671931261580276,B
22650,1786,2717.8799999999997,0.867331290103805,B
21808,1001,2715.53,0.8674693345868866,B
47480,1638,2713.98,0.8676073002754238,B
22524,1925,2713.23,0.8677452278375686,B
22231,2135,2712.48,0.867883117273321,B
21096,15919,2711.7099999999996,0.8680209675659772,B
23407,265,2709.43,0.8681587019544007,B
23489,913,2709.23,0.8682964261757861,B
23292,2181,2703.33,0.8684338504695513,B
47503J,343,2703.25,0.8685712706965015,B
21744,898,2697.1600000000003,0.8687083813371455,B
23333,2089,2695.45,0.8688454050496148,B
85035C,1356,2693.85,0.8689823474257804,B
21224,2171,2691.91,0.8691191911816777,B
22479,1939,2691.19,0.8692559983362385,B
23264,1963,2690.81,0.8693927861734267,B
22436,4215,2687.05,0.8695293828703015,B
21204,1608,2682.99,0.8696657731763052,B
22495,940,2682.32,0.8698021294227319,B
90057,1804,2675.88,0.869938158290536,B
22155,5925,2671.81,0.8700739802591173,B
22028,6344,2665.13,0.8702094626486304,B
21923,337,2662.64,0.870344818458521,B
85049B,2126,2653.3,0.8704796994677384,B
22094,3557,2649.05,0.8706143644273989,B
21693,871,2648.6200000000003,0.8707490075279278,B
22500,580,2647.31,0.870883584034358,B
21742,437,2647.28,0.8710181590157325,B
23146,798,2645.2599999999998,0.8711526313100236,B
22152,6241,2642.2799999999997,0.8712869521154489,B
21897,866,2641.36,0.8714212261524995,B
22270,685,2638.67,0.8715553634428894,B
84754,2083,2634.59,0.8716892933257048,B
85049F,2110,2634.0,0.8718231932157581,B
22146,1413,2633.13,0.8719570488791962,B
22376,529,2632.18,0.872090856249204,B
84012,1838,2628.47,0.8722244750206575,B
21422,3160,2619.17,0.8723576210248455,B
22758,2437,2618.35,0.8724907253441778,B
84849D,1558,2618.27,0.8726238255966948,B
22713,6084,2616.12,0.8727568165535537,B
72800E,1388,2613.82,0.8728896905894761,B
22046,6375,2613.5,0.8730225483581375,B
47585A,1084,2612.88,0.8731553746089813,B
85034B,1183,2606.64,0.8732878836482405,B
23054,295,2604.93,0.8734203057593249,B
85034C,1314,2604.15,0.8735526882189614,B
72799E,1232,2600.6400000000003,0.8736848922470815,B
37502,868,2599.7900000000004,0.8738170530652901,B
22439,3891,2599.01,0.8739491742320509,B
22190,1400,2591.67,0.8740809222685181,B
90062,204,2591.42,0.8742126575961878,B
22933,940,2585.92,0.8743441133303135,B
21589,1119,2583.4500000000003,0.8744754435015201,B
21171,1845,2578.27,0.8746065103464433,B
21642,4413,2575.18,0.8747374201106299,B
82597,1210,2569.6600000000003,0.8748680492645686,B
22471,627,2568.76,0.8749986326668365,B
21653,1246,2565.67,0.8751290589883678,B
22828,17,2565.0,0.8752594512503218,B
22937,972,2563.2400000000002,0.8753897540423415,B
21288,982,2557.4700000000003,0.8755197635153159,B
20960,1900,2550.84,0.8756494359509817,B
21818,4196,2549.45,0.8757790377257335,B
22735,1434,2541.38,0.8759082292605033,B
85035B,986,2539.29,0.8760373145497263,B
21898,827,2538.8100000000004,0.8761663754380582,B
20787,69,2535.1,0.8762952477278358,B
21215,4349,2533.88,0.8764240579986817,B
21203,1539,2527.0,0.8765525185234216,B
23681,1576,2525.04,0.8766808794111893,B
22342,1817,2521.25,0.8768090476335876,B
22415,317,2520.15,0.8769371599372769,B
21792,494,2517.88,0.8770651568450853,B
21431,1483,2511.3599999999997,0.877192822307456,B
23424,462,2509.62,0.8773203993165963,B
21323,740,2506.89,0.8774478375456685,B
23316,250,2501.64,0.8775750088899938,B
82567,1207,2498.98,0.8777020450127142,B
85054,916,2495.0200000000004,0.8778288798280828,B
23367,3278,2491.2,0.8779555204530262,B
85041,1853,2489.87,0.878082093467167,B
21924,315,2486.6600000000003,0.8782085033003485,B
22091,3179,2485.86,0.8783348724653781,B
21680,2858,2483.68,0.8784611308096938,B
85206B,1538,2477.2999999999997,0.8785870648254984,B
22742,1002,2475.3,0.8787128971709233,B
22153,5705,2469.16,0.8788384173882825,B
22829,241,2468.5699999999997,0.8789639076128797,B
22852,565,2467.11,0.8790893236180997,B
22676,1830,2464.98,0.8792146313443653,B
21686,65,2460.1400000000003,0.879339693028312,B
23352,1800,2459.2,0.8794647069271804,B
21616,1152,2458.58,0.8795896893082309,B
84509F,2781,2456.1,0.8797145456180108,B
20668,20951,2454.88,0.8798393399088589,B
22911,853,2454.3500000000004,0.8799641072570565,B
21330,1452,2454.0699999999997,0.880088860371401,B
84509B,649,2452.67,0.8802135423164796,B
21747,2049,2452.35,0.8803382079942976,B
21823,2468,2447.72,0.8804626383051865,B
21789,2920,2437.0699999999997,0.8805865272213035,B
84840,282,2430.82,0.880710098417484,B
22021,1413,2430.31,0.8808336436877177,B
21809,3015,2427.89,0.8809570659367919,B
22448,753,2426.73,0.881080429217046,B
21462,413,2425.41,0.8812037253948494,B
23406,456,2422.6600000000003,0.8813268817758808,B
22537,5861,2420.91,0.8814499491953299,B
21274,175,2420.69,0.8815730054310373,B
21973,1670,2420.0299999999997,0.8816960281155195,B
22613,3051,2419.7599999999998,0.8818190370745004,B
21106,790,2419.6800000000003,0.8819420419666659,B
22789,1238,2419.54,0.882065039741905,B
22609,7087,2414.54,0.8821877833411947,B
22362,747,2410.53,0.8823103230913734,B
22540,6162,2410.29,0.8824328506411062,B
23400,461,2409.34,0.8825553298974088,B
23265,1769,2404.79,0.8826775778535977,B
85059,701,2399.89,0.8827995767173562,B
21540,1323,2394.95,0.8829213244552769,B
22986,5795,2389.9,0.8830428154754889,B
85036A,619,2389.21,0.88316427141942,B
84818,1788,2382.25,0.8832853735504297,B
84795B,298,2379.09,0.8834063150422394,B
23028,1369,2377.13,0.8835271568970771,B
22566,2836,2373.8199999999997,0.8836478304874363,B
23437,1939,2373.63,0.8837684944191095,B
10133,3837,2373.26,0.8838891395417626,B
47570,220,2373.01,0.8840097719556183,B
23498,1640,2372.68,0.8841303875938611,B
23048,577,2368.37,0.8842507841324359,B
23436,1979,2367.39,0.8843711308525244,B
21262,606,2366.0200000000004,0.8844914079284029,B
85034A,846,2364.82,0.8846116240020536,B
21468,669,2361.39,0.8847316657110031,B
21873,2010,2360.0099999999998,0.8848516372673908,B
23401,459,2354.87,0.8849713475309026,B
23412,358,2354.8,0.885091054235951,B
22421,4721,2351.86,0.8852106114855413,B
21824,2782,2351.46,0.8853301484010557,B
21437,677,2350.92,0.8854496578655676,B
21126,2325,2349.22,0.8855690809102567,B
22642,989,2348.4700000000003,0.8856884658285533,B
85035A,646,2344.9,0.8858076692652223,B
84459B,1475,2341.77,0.8859267135877469,B
22321,2528,2339.95,0.8860456653902261,B
21708,611,2336.48,0.8861644407945967,B
21826,1800,2326.87,0.8862827276727927,B
22251,1871,2317.64,0.8864005453421865,B
22306,1621,2316.2,0.8865182898089069,B
22973,1361,2314.33,0.8866359392138222,B
21615,1168,2308.67,0.8867533008915631,B
23371,1705,2304.78,0.8868704648204155,B
23029,1352,2303.92,0.8869875850310047,B
23197,1478,2303.5,0.8871046838908141,B
22363,781,2303.3900000000003,0.8872217771587526,B
21947,1675,2302.81,0.8873388409422809,B
21482,740,2296.76,0.8874555971729108,B
21741,701,2293.7500000000005,0.8875722003896191,B
85176,2748,2293.0,0.8876887654799351,B
22409,1686,2290.46,0.887805201448869,B
84536A,5077,2289.73,0.8879216003081142,B
22246,1081,2287.95,0.8880379086807214,B
23330,1794,2286.97,0.8881541672348425,B
21464,539,2286.75,0.8882704146052219,B
23360,1182,2286.4,0.8883866441832848,B
22831,776,2286.28,0.8885028676611252,B
85199L,3455,2285.02,0.8886190270866261,B
21655,1396,2277.5,0.8887348042314995,B
85183A,1512,2275.75,0.8888504924147906,B
85107,1203,2274.79,0.8889661317962995,B
85172,4271,2274.56,0.8890817594857147,B
85106,1190,2271.24,0.8891972184022995,B
85014C,547,2270.73,0.8893126513929377,B
22539,5654,2268.13,0.8894279522120822,B
85114C,1179,2263.06,0.889542995296814,B
23252,603,2261.61,0.8896579646705207,B
35001G,715,2259.47,0.8897728252569211,B
23128,448,2258.66,0.8898876446668178,B
22133,2464,2258.61,0.890002461534955,B
22024,5391,2257.0,0.8901171965584366,B
20658,1584,2251.36,0.8902316448714473,B
21696,749,2251.1400000000003,0.8903460820007164,B
84469,664,2249.41,0.890460431185107,B
21819,3847,2247.14,0.8905746649736167,B
21187,1344,2243.78,0.8906887279558885,B
21804,597,2240.99,0.8908026491079806,B
85045,471,2239.34,0.8909164863820094,B
23093,939,2239.2400000000002,0.8910303185725192,B
20931,673,2238.07,0.8911440912858569,B
22803,59,2237.84,0.8912578523071011,B
23326,3442,2237.08,0.8913715746936007,B
22163,1269,2235.1200000000003,0.8914851974431286,B
21710,726,2235.01,0.8915988146007855,B
22336,4661,2234.96,0.8917124292166828,B
21681,233,2234.81,0.8918260362073016,B
16237,10385,2233.15,0.8919395588115053,B
21398,2295,2231.9,0.8920530178717216,B
84691,2747,2225.5,0.892166151586723,B
23079,251,2225.45,0.8922792827599649,B
51014L,3445,2222.35,0.8923922563441183,B
21638,1020,2220.94,0.8925051582506541,B
21476,142,2219.5099999999998,0.8926179874628685,B
23501,1821,2217.87,0.8927307333053713,B
22074,2156,2216.34,0.8928434013700338,B
22453,801,2212.92,0.892955895578347,B
84913A,608,2211.54,0.8930683196340982,B
22716,5218,2211.41,0.8931807370812745,B
21125,2123,2211.38,0.8932931530033953,B
22711,5377,2210.34,0.8934055160569186,B
23438,1809,2209.92,0.8935178577596623,B
22785,412,2207.11,0.8936300566155224,B
21620,1087,2206.73,0.8937422361540105,B
85116,1817,2206.24,0.8938543907832553,B
22853,645,2205.57,0.8939665113529232,B
17091J,3964,2204.35,0.8940785699036594,B
23403,625,2204.11,0.89419061625395,B
22514,1082,2202.92,0.8943026021103647,B
22286,1937,2200.75,0.8944144776544175,B
21651,1361,2200.36,0.8945263333727461,B
22920,3478,2199.19,0.8946381296139028,B
23020,180,2191.84,0.894749552216414,B
20770,1045,2190.59,0.8948609112749378,B
21611,750,2182.19,0.894971843317867,B
23302,1536,2181.42,0.8950827362177002,B
85039B,1653,2178.52,0.8951934816954826,B
15056n,173,2170.4,0.8953038143915234,B
22948,2155,2164.69,0.8954138568186304,B
22069,968,2164.63,0.8955238961956259,B
23445,2668,2161.24,0.8956337632413277,B
22714,5277,2157.91,0.8957434610058475,B
22182,561,2156.45,0.89585308455099,B
85216,2849,2154.2200000000003,0.8959625947336591,B
22824,61,2153.9500000000003,0.896072091190827,B
85103,317,2153.43,0.8961815612136962,B
23031,1278,2152.3,0.896290973792801,B
22338,6087,2151.99,0.8964003706129967,B
23370,1550,2151.6,0.8965097476074686,B
23161,1715,2145.3,0.8966188043402444,B
21421,1792,2144.48,0.8967278193881646,B
22677,1583,2143.03,0.8968367607250595,B
21905,1615,2141.07,0.8969456024249822,B
22708,5325,2140.5,0.8970544151488468,B
23213,1682,2138.42,0.8971631221355165,B
23066,259,2137.81,0.8972717981127203,B
21617,834,2135.01,0.8973803317513926,B
20764,685,2134.76,0.8974888526812675,B
21774,1711,2129.81,0.8975971219769525,B
22515,1046,2129.7400000000002,0.8977053877141742,B
84670,5196,2128.72,0.8978136015995023,B
21643,1521,2127.94,0.8979217758333824,B
23005,4733,2126.55,0.8980298794063486,B
21195,997,2122.66,0.8981377852304263,B
21359,208,2116.48,0.8982453768930307,B
85099b,419,2111.64,0.8983527225133163,B
23046,349,2111.4900000000002,0.8984600605083234,B
85114A,1270,2110.9,0.8985673685105684,B
22913,450,2107.85,0.8986745214654845,B
23251,1712,2105.75,0.898781567666502,B
23233,5175,2105.5,0.8988886011587218,B
22279,1440,2104.62,0.8989955899159748,B
84676,848,2102.46,0.8991024688692176,B
40018F,1092,2100.33,0.899209239543506,B
22996,4801,2094.93,0.8993157357077692,B
23315,213,2094.24,0.8994221967957514,B
22859,1250,2085.75,0.8995282262929719,B
21865,896,2085.64,0.8996342501983214,B
22308,677,2085.05,0.8997402441109091,B
79323S,334,2084.32,0.8998462009138082,B
21070,2034,2083.46,0.8999521139984439,B
72799F,1125,2082.7400000000002,0.9000579904817428,B
23152,554,2080.65,0.900163760719495,B
84854,381,2079.4700000000003,0.9002694709717233,B
21291,2411,2077.93,0.9003751029377591,B
22023,4975,2076.77,0.9004806759349747,B
84796A,284,2072.9500000000003,0.9005860547417651,B
22695,1457,2070.15,0.900691291210024,B
23227,1642,2070.06,0.9007965231031156,B
21619,1131,2069.02,0.90090170212761,B
85049H,2066,2067.18,0.901006787615355,B
22935,690,2066.82,0.9011118548024318,B
21200,1421,2065.16,0.9012168376030933,B
84990,4248,2062.19,0.9013216694232411,B
23291,1634,2059.03,0.901426340604189,B
21077,2790,2058.1,0.9015309645084103,B
21058,2396,2055.5899999999997,0.9016354608163051,B
22903,745,2053.96,0.9017398742628404,B
22400,2450,2049.56,0.9018440640345402,B
21640,2225,2049.4,0.9019482456726098,B
84509G,802,2045.45,0.9020522265116794,B
84459A,1263,2041.69,0.9021560162104354,B
22928,296,2041.3500000000001,0.9022597886252268,B
23500,1626,2038.33,0.9023634075177447,B
22201,509,2034.4,0.9024668266279665,B
85016,1679,2033.33,0.9025701913445352,B
22832,185,2033.15,0.9026735469107697,B
23490,542,2032.77,0.9027768831596321,B
21348,842,2030.8400000000001,0.9028801212965782,B
21612,698,2025.7700000000002,0.9029831016991117,B
22261,2105,2024.35,0.9030860099156758,B
22211,1531,2022.35,0.9031888164618601,B
22799,253,2020.84,0.9032915462469077,B
23268,1447,2018.1399999999999,0.9033941387769427,B
21397,2157,2017.74,0.9034967109729017,B
21356,1592,2014.16,0.9035991011788812,B
23289,1622,2013.7,0.9037014680006732,B
47591C,1051,2012.43,0.9038037702617742,B
23529,637,2011.9900000000002,0.9039060501553916,B
22520,2294,2011.28,0.9040082939560243,B
37476,209,2010.6,0.904110503188728,B
23358,594,2008.38,0.90421259956731,B
21389,2299,2008.09,0.9043146812036871,B
79323G,314,2007.88,0.9044167521646742,B
35953,3868,2007.22,0.9045187895744361,B
21504,4913,2005.02,0.9046207151467803,B
23274,1180,2005.0,0.9047226397024207,B
20686,590,2002.84,0.9048244544540511,B
22932,884,2000.88,0.9049261695687093,B
22496,731,1996.0900000000001,0.9050276411828082,B
20703,471,1993.47,0.9051289796087097,B
22405,1642,1993.38,0.9052303134594442,B
22521,2288,1987.9299999999998,0.9053313702583938,B
22719,1467,1987.83,0.9054324219738246,B
22559,1583,1986.8700000000001,0.9055334248874731,B
22343,3297,1985.74,0.905634370357357,B
84872A,177,1983.54,0.9057352039898234,B
23357,450,1982.05,0.905835961877857,B
85217,2869,1981.8500000000001,0.9059367095988525,B
22068,1112,1979.82,0.9060373541244127,B
23145,2084,1979.48,0.9061379813660083,B
20871,1273,1978.05,0.9062385359132824,B
22599,3119,1976.8799999999999,0.9063390309833843,B
22204,537,1974.29,0.9064393943903446,B
21630,162,1973.3899999999999,0.9065397120456341,B
79160,944,1973.0700000000002,0.9066400134336627,B
17084R,10625,1968.45,0.9067400799631143,B
21657,257,1967.38,0.9068400920989127,B
23068,809,1966.93,0.9069400813588757,B
22931,813,1963.3,0.9070398860870996,B
23374,2456,1962.83,0.9071396669227841,B
21629,177,1961.37,0.9072393735390917,B
21082,7183,1960.45,0.9073390333870245,B
23075,472,1960.3,0.9074386856096789,B
23228,1492,1960.0,0.9075383225817762,B
20846,1453,1956.81,0.907637797389618,B
22614,5726,1954.2999999999997,0.9077371446011333,B
21695,630,1952.1800000000003,0.907836384042046,B
22098,2865,1952.04,0.9079356163660323,B
23235,736,1950.66,0.9080347785374565,B
22262,2026,1947.82,0.9081337963369416,B
35971,1963,1947.74,0.9082328100696114,B
20984,5867,1940.9599999999998,0.9083314791396941,B
21803,4463,1938.96,0.9084300465393973,B
46775D,153,1938.19,0.9085285747960041,B
22802,110,1933.59,0.9086268692107378,B
21991,1103,1927.54,0.9087248560725727,B
20716,1533,1925.04,0.908822715846433,B
23094,152,1924.92,0.9089205695200707,B
21538,1308,1924.51,0.9090184023512806,B
21043,677,1921.03,0.9091160582760298,B
84581,506,1920.02,0.9092136628572371,B
21802,4377,1917.2,0.909311124083209,B
22753,2332,1915.2099999999998,0.9094084841471534,B
22438,1459,1913.22,0.9095057430490696,B
40001,2484,1911.6499999999999,0.9096029221397379,B
20684,580,1910.06,0.9097000204024543,B
21692,502,1906.62,0.9097969437921178,B
22522,2239,1905.81,0.9098938260052775,B
85162B,977,1905.15,0.9099906746672117,B
23155,2221,1904.7700000000002,0.910087504011774,B
84763,1517,1903.0,0.9101842433780502,B
22565,2086,1902.1899999999998,0.9102809415678226,B
21773,1642,1899.4,0.9103774979274153,B
21647,848,1899.2800000000002,0.9104740481867853,B
22210,1586,1898.42,0.9105705547278921,B
23491,228,1897.76,0.9106670277177736,B
84519B,867,1895.3700000000001,0.9107633792115513,B
22985,4722,1895.24,0.9108597240967542,B
22513,585,1894.7,0.9109560415309547,B
16169E,4563,1892.46,0.9110522450943299,B
21659,120,1891.7,0.9111484100229608,B
21581,1172,1890.74,0.9112445261498094,B
85232A,375,1889.88,0.9113405985583948,B
21445,1519,1887.23,0.9114365362537271,B
23434,2095,1884.17,0.9115323183933787,B
22523,2183,1882.29,0.9116280049628731,B
85231B,2054,1877.84,0.9117234653157728,B
23394,435,1877.65,0.9118189160099862,B
22858,1135,1877.34,0.911914350945291,B
84856S,467,1877.21,0.9120097792720211,B
22678,1400,1875.53,0.9121051221956323,B
21983,6118,1875.0199999999998,0.9122004391932966,B
21085,13731,1872.68,0.9122956372366167,B
21687,477,1871.23,0.9123907615689115,B
16016,2314,1870.7,0.9124858589585556,B
23090,2237,1870.0300000000002,0.9125809222886226,B
21241,2213,1869.07,0.9126759368169074,B
21091,13700,1868.7,0.9127709325361719,B
23359,990,1866.4599999999998,0.9128658143846111,B
21394,4005,1864.6299999999999,0.9129606032046529,B
23525,582,1863.8200000000002,0.913055350848191,B
22535,4454,1862.49,0.9131500308809264,B
21613,632,1861.4500000000003,0.9132446580450645,B
21287,4107,1860.0,0.9133392114981773,B
21677,2125,1859.3799999999999,0.9134337334334725,B
21841,437,1857.47,0.9135281582735548,B
22686,1406,1857.39,0.9136225790468222,B
20772,970,1848.73,0.9137165595873455,B
21547,719,1848.4700000000003,0.9138105269107194,B
84797B,323,1845.2,0.9139043280030225,B
85185B,593,1843.4600000000003,0.9139980406420952,B
85162C,904,1841.7,0.9140916638112339,B
22587,2112,1841.1899999999998,0.9141852610544258,B
23378,3997,1840.08,0.9142788018705568,B
21894,1320,1836.14,0.9143721423960399,B
21357,1388,1827.76,0.9144650569226322,B
22317,587,1827.64,0.9145579653490017,B
85173,1018,1826.07,0.9146507939641231,B
85164B,140,1825.1799999999998,0.9147435773359255,B
21618,698,1823.74,0.9148362875050544,B
22680,1356,1820.45,0.9149288304264088,B
84327A,959,1820.27,0.9150213641974291,B
21088,16615,1816.73,0.9151137180118774,B
23148,2139,1816.3100000000002,0.9152060504755457,B
22586,2087,1815.1399999999999,0.9152983234620421,B
21761,65,1814.75,0.9153905766228144,B
21391,1417,1811.89,0.9154826843949438,B
21384,1917,1810.1899999999998,0.9155747057472505,B
21161,2360,1806.05,0.9156665166418712,B
22307,1199,1804.11,0.9157582289162235,B
90167,2197,1801.17,0.9158497917351178,B
21280,3333,1800.44,0.9159413174443235,B
22770,112,1799.62,0.9160328014686735,B
22324,664,1797.06,0.9161241553549374,B
23160,1450,1794.48,0.9162153780864116,B
21158,2587,1792.6599999999999,0.9163065082978402,B
22254,1398,1792.21,0.9163976156334335,B
21529,503,1790.44,0.9164886329907407,B
22922,2073,1789.1999999999998,0.9165795873124124,B
22533,4519,1783.3600000000001,0.9166702447565754,B
84748,1170,1781.1200000000001,0.9167607883299133,B
20729,5262,1778.12,0.9168511793976817,B
23317,173,1777.46,0.9169415369142246,B
21548,682,1776.1200000000001,0.9170318263116133,B
23057,773,1768.67,0.9171217369868376,B
84507B,1349,1764.03,0.917211411786781,B
47566b,212,1761.26,0.9173009457732486,B
22422,2743,1760.94,0.9173904634924553,B
22546,4375,1760.8,0.9174799740947356,B
22103,1746,1760.64,0.9175694765633854,B
37343,1110,1759.04,0.9176588976957313,B
21163,2800,1757.9199999999998,0.9177482618926648,B
22209,1415,1753.94,0.9178374237655427,B
22446,618,1751.93,0.9179264834596889,B
23372,1389,1750.29,0.9180154597841237,B
21652,896,1747.9399999999998,0.9181043166458625,B
84535B,2686,1747.76,0.9181931643572672,B
21205,669,1746.97,0.9182819719088716,B
21780,203,1745.8500000000001,0.9183707225250637,B
85060,1448,1745.62,0.918459461449162,B
23399,1914,1745.55,0.918548196814797,B
21000,690,1744.98,0.9186369032043739,B
21637,1358,1741.72,0.9187254438712317,B
20767,812,1741.6100000000001,0.9188139789462187,B
21760,15,1740.0,0.9189024321765501,B
23101,2031,1739.63,0.9189908665978611,B
84006,1856,1738.07,0.9190792217162761,B
23096,1033,1736.69,0.9191675066821291,B
21662,269,1735.0500000000002,0.9192557082782707,B
23244,936,1733.9799999999998,0.9193438554807593,B
23181,201,1733.57,0.91943198184082,B
37342,1629,1731.4,0.9195199978885186,B
22035,4083,1731.24,0.9196080058025868,B
84843,280,1731.06,0.9196960045663208,B
21090,3107,1729.09,0.919783903184731,B
21927,1260,1728.24,0.9198717585932297,B
23122,2251,1726.09,0.9199595047060702,B
21895,555,1718.63,0.9200468715883946,B
22026,4029,1717.47,0.9201341795018987,B
21281,3680,1716.8,0.9202214533558256,B
10125,2103,1715.78,0.920308675357859,B
21275,249,1714.48,0.9203958312741455,B
85127,276,1710.67,0.9204827935083588,B
22934,589,1707.47,0.9205695930699644,B
23073,143,1706.5,0.920656343321436,B
20990,895,1706.1399999999999,0.9207430752722392,B
22516,839,1700.6000000000001,0.9208295255960907,B
22123,655,1700.1399999999999,0.9209159525357549,B
21189,797,1698.8799999999999,0.9210023154230796,B
22319,2987,1698.04,0.921088635608845,B
47591B,1054,1696.05,0.9211748546325828,B
84795A,208,1696.02,0.9212610721312646,B
22679,1263,1695.68,0.921347272345982,B
23214,789,1695.04,0.9214334400261779,B
22706,4222,1693.24,0.921519516203032,B
20996,6311,1686.79,0.9216052644929117,B
21576,732,1686.19,0.9216909822816775,B
85221,3558,1685.46,0.9217766629607547,B
17129F,1580,1684.58,0.9218622989048647,B
70007,1306,1684.58,0.9219479348489747,B
21251,595,1683.93,0.9220335377502115,B
22323,635,1683.31,0.9221191091336304,B
22975,1245,1679.66,0.9222044949686065,B
23368,2379,1679.55,0.9222898752117117,B
46776F,487,1675.73,0.9223750612643917,B
72816,1344,1671.52,0.9224600333009224,B
72817,1553,1671.28,0.9225449931370077,B
21446,1258,1669.83,0.9226298792620674,B
21284,1547,1668.72,0.9227147089600666,B
23366,2249,1667.95,0.9227994995149695,B
22673,1320,1667.5,0.922884267194037,B
22410,1363,1667.46,0.922969032839697,B
35809A,1137,1666.78,0.923053763917428,B
21382,1238,1665.66,0.9231384380597462,B
21633,175,1663.11,0.9232229825723303,B
85039A,1448,1661.37,0.9233074386316842,B
21162,2402,1655.8799999999999,0.9233916156058456,B
21278,2758,1654.45,0.9234757198856857,B
21294,2246,1653.75,0.9235597885808928,B
23505,1200,1651.29,0.923643732221533,B
23273,969,1649.05,0.9237275619913479,B
21426,1028,1647.07,0.9238112911074869,B
23270,1174,1646.32,0.9238949820972335,B
21332,270,1644.17,0.923978563791322,B
21645,969,1642.65,0.9240620682159219,B
22025,3970,1641.64,0.92414552129698,B
21448,955,1640.17,0.9242288996503092,B
21545,697,1640.1200000000001,0.9243122754618789,B
37441,700,1639.8,0.9243956350061877,B
85180A,629,1636.42,0.924478822727555,B
23483,1328,1636.36,0.9245620073988107,B
21541,1907,1636.24,0.9246451859698436,B
23348,746,1633.81,0.9247282410113652,B
35241,309,1631.42,0.9248111745567832,B
21593,1391,1629.31,0.9248940008399504,B
21283,512,1629.2,0.9249768215312469,B
85036C,878,1629.02,0.9250596330722092,B
23391,389,1628.17,0.9251424014032602,B
48195,269,1627.99,0.9252251605839769,B
21793,353,1627.3600000000001,0.925307887738524,B
21286,1006,1623.01,0.9253903937599953,B
84619,72,1622.96,0.9254728972397073,B
21837,244,1622.64,0.9255553844521583,B
21279,3527,1621.83,0.9256378304881056,B
84919,291,1619.84,0.9257201753620251,B
85131A,2025,1619.23,0.9258024892264788,B
21157,689,1616.95,0.9258846871866996,B
21656,985,1614.54,0.9259667626341129,B
23280,2023,1614.16,0.9260488187641541,B
23217,1309,1613.82,0.9261308576102307,B
23462,80,1607.04,0.9262125517937202,B
35810A,1205,1604.74,0.926294129056273,B
82615,582,1603.97,0.9263756671757295,B
23287,1879,1603.3899999999999,0.9264571758107761,B
21542,1877,1600.75,0.9265385502409215,B
20802,1051,1596.81,0.9266197243804187,B
23226,1247,1596.67,0.9267008914029896,B
22260,1557,1594.77,0.9267819618386997,B
84913B,420,1593.29,0.9268629570383288,B
21694,556,1593.16,0.9269439456293832,B
35471D,2241,1591.86,0.9270248681346908,B
35160,2180,1590.64,0.9271057286210669,B
21383,2204,1590.43,0.927186578432053,B
22106,509,1589.98,0.9272674053672038,B
22517,806,1589.41,0.9273482033262962,B
22099,2123,1585.46,0.9274288004863889,B
85170A,848,1585.06,0.9275093773124056,B
23369,1105,1581.06,0.9275897507976627,B
85222,1406,1579.68,0.9276700541303581,B
21675,1782,1576.84,0.9277502130911142,B
22608,5735,1573.81,0.927830218021245,B
21631,221,1571.75,0.9279101182308849,B
21092,12846,1571.5,0.9279900057317272,B
22705,3733,1567.86,0.9280697081924786,B
15059A,509,1567.0,0.9281493669349666,B
79323B,242,1565.7,0.9282289595917078,B
21550,295,1565.51,0.9283085425897631,B
21867,1144,1562.87,0.9283879913829172,B
21925,1201,1562.33,0.9284674127250686,B
84536B,3504,1561.49,0.9285467913656605,B
21579,1029,1560.85,0.9286261374717311,B
21972,1055,1560.82,0.928705482052746,B
85194L,1818,1560.6299999999999,0.9287848169750746,B
22681,1167,1559.52,0.9288640954703427,B
21276,677,1558.94,0.9289433444812006,B
84789,445,1558.39,0.9290225655327041,B
23524,481,1557.63,0.9291017479494633,B
21711,382,1555.66,0.9291808302208985,B
72803A,724,1553.5,0.9292598026883236,B
21399,2378,1550.44,0.929338619600068,B
21289,1413,1549.31,0.9294173790680476,B
22786,248,1549.1000000000001,0.9294961278606375,B
20766,518,1548.47,0.9295748446270576,B
16033,15121,1544.52,0.929653360594478,B
22982,1154,1543.77,0.9297318384355059,B
21610,542,1543.67,0.9298103111930149,B
75131,1217,1543.03,0.9298887514160025,B
20735,1515,1540.29,0.9299670523505698,B
84795D,189,1538.79,0.9300452770323523,B
20768,767,1534.19,0.9301232678722615,B
23267,1202,1531.95,0.9302011448413455,B
72008,3819,1531.4,0.9302789938510749,B
23250,1179,1531.03,0.9303568240517843,B
20986,1217,1530.95,0.9304346501856785,B
85036B,598,1530.1599999999999,0.9305124361597726,B
22322,1617,1528.21,0.9305901230052466,B
22288,1310,1525.99,0.930667696996599,B
20902,206,1525.22,0.9307452318448552,B
22337,2473,1522.52,0.930822629438099,B
21282,356,1522.28,0.9309000148308972,B
22682,1166,1521.86,0.9309773788729157,B
21099,13290,1516.64,0.9310544775552431,B
85177,1820,1514.78,0.9311314816841175,B
21785,2005,1514.6299999999999,0.9312084781877134,B
21146,789,1513.6699999999998,0.931285425889527,B
21661,239,1511.3100000000002,0.9313622536202925,B
22340,1799,1511.05,0.9314390681339088,B
22137,606,1508.28,0.9315157418340492,B
21634,1771,1507.74,0.9315923880831869,B
21002,417,1507.22,0.9316690078980259,B
23528,479,1504.49,0.9317454889327966,B
84526,538,1503.6399999999999,0.9318219267576561,B
85159B,659,1503.5,0.931898357465589,B
22683,1131,1501.66,0.9319746946367725,B
23271,1731,1496.8899999999999,0.9320507893241006,B
21199,1305,1495.7,0.9321268235175526,B
21009,1047,1494.99,0.9322028216180198,B
21066,2284,1494.67,0.9322788034512265,B
85160A,8816,1493.75,0.9323547385160583,B
84856L,238,1492.28,0.9324305988531612,B
23334,2271,1491.75,0.9325064322476133,B
21051,754,1486.16,0.9325819814733544,B
21849,633,1483.51,0.9326573959858423,B
23559,649,1482.41,0.9327327545796213,B
84997a,178,1481.78,0.9328080811472308,B
84510B,1171,1481.05,0.9328833706051517,B
18098c,292,1479.61,0.9329585868603991,B
85125,309,1479.51,0.9330337980321276,B
21392,7545,1478.13,0.9331089390512941,B
23392,662,1475.03,0.9331839224813722,B
22915,3281,1474.52,0.9332588799855033,B
21851,628,1473.56,0.9333337886878521,B
84616,72,1472.62,0.9334086496051226,B
21198,1282,1472.3,0.9334834942551323,B
22912,313,1471.09,0.9335582773945622,B
20734,1592,1470.62,0.933633036641453,B
21869,1264,1469.5800000000002,0.9337077430197462,B
84659A,588,1469.51,0.9337824458395764,B
85198,3859,1469.5,0.9338571481510545,B
22815,3433,1468.53,0.9339318011523985,B
21801,3398,1467.6599999999999,0.9340064099271274,B
22976,1127,1465.26,0.9340808966974006,B
23365,1857,1463.08,0.9341552726469599,B
79030G,1751,1462.95,0.9342296419879444,B
21644,1087,1461.47,0.934303936092848,B
22052,3525,1460.5,0.9343781808876175,B
23470,232,1460.5,0.9344524256823871,B
22929,23,1459.75,0.9345266323507642,B
22393,834,1459.3700000000001,0.9346008197017692,B
21410,312,1458.28,0.9346749516424173,B
85098B,366,1456.94,0.934749015463911,B
22228,1727,1456.6,0.9348230620014402,B
15056bl,116,1456.3200000000002,0.9348970943051161,B
21065,608,1455.3600000000001,0.9349710778070098,B
84637,585,1454.49,0.9350450170822883,B
21317,357,1453.4,0.9351189009472098,B
20733,1927,1452.2,0.9351927238099036,B
21739,494,1451.8500000000001,0.9352665288802811,B
85136C,179,1451.69,0.9353403258170281,B
23086,1225,1451.43,0.9354141095366256,B
22157,1698,1451.3999999999999,0.9354878917311675,B
85049a,434,1451.24,0.935561665792079,B
23034,979,1448.6699999999998,0.9356353092065527,B
22390,813,1448.52,0.9357089449957479,B
21159,2105,1445.37,0.935782420654095,B
35637A,551,1445.05,0.9358558800451815,B
85055,359,1442.94,0.9359292321740174,B
84313C,548,1442.3899999999999,0.9360025563434988,B
84596G,2226,1440.76,0.9360757976516209,B
22287,1340,1435.75,0.9361487842754417,B
22817,3392,1434.9,0.9362217276893511,B
22249,1636,1434.6599999999999,0.9362946589028149,B
22316,1257,1432.82,0.9363674965795296,B
22093,2346,1429.87,0.9364401842924341,B
23527,420,1428.56,0.9365128054112399,B
21292,2449,1427.11,0.9365853528190204,B
22396,1895,1427.08,0.9366578987017452,B
85167B,692,1426.34,0.9367304069664296,B
23249,842,1426.1000000000001,0.9368029030306685,B
35965,629,1423.63,0.9368752735319883,B
20761,458,1422.46,0.9369475845561361,B
21807,3225,1422.45,0.9370198950719321,B
20801,1092,1422.0,0.9370921827118924,B
22545,3451,1421.06,0.9371644225667745,B
21532,1387,1419.71,0.9372365937941501,B
35004G,359,1419.51,0.937308754854488,B
20840,885,1419.09,0.9373808945640459,B
22819,3351,1418.1200000000001,0.9374529849634698,B
15034,10153,1416.2600000000002,0.9375249808094407,B
85071A,1907,1415.69,0.9375969476793533,B
47503A,2853,1405.51,0.9376683970470333,B
23104,118,1405.42,0.9377398418395462,B
23119,2282,1401.7,0.9378110975251528,B
21395,2968,1401.6,0.9378823481272405,B
21358,1129,1398.71,0.9379534518156294,B
21910,1066,1398.18,0.9380245285613678,B
21828,1105,1396.6200000000001,0.93809552600421,B
22685,1082,1395.84,0.9381664837956041,B
23055,657,1395.18,0.9382374080357728,B
23040,253,1394.03,0.9383082738154733,B
22756,1204,1393.45,0.9383791101107637,B
85087,420,1392.64,0.9384499052295503,B
85017B,2231,1390.3899999999999,0.9385205859691598,B
47503K,3177,1389.44,0.9385912184153389,B
22917,1996,1386.65,0.9386617090313383,B
85169A,1252,1385.82,0.9387321574541301,B
22339,3521,1385.46,0.9388025875762537,B
23376,3039,1384.9099999999999,0.9388729897390228,B
22250,1521,1382.96,0.9389432927731717,B
84396,552,1380.52,0.9390134717694573,B
23414,141,1378.75,0.9390835607874569,B
84562A,169,1378.26,0.9391536248962137,B
21011,1840,1373.8,0.9392234622800235,B
90200D,327,1372.26,0.9392932213776412,B
20704,361,1371.42,0.9393629377736993,B
22984,3349,1370.73,0.9394326190934764,B
46776B,428,1369.23,0.9395022241604688,B
20866,1280,1368.91,0.9395718129602003,B
23000,3169,1368.28,0.9396413697337623,B
84819,908,1368.26,0.9397109254906205,B
21209,1476,1368.04,0.9397804700637369,B
35599D,406,1366.48,0.9398499353339571,B
84685,435,1366.17,0.9399193848452686,B
23546,3250,1365.0,0.9399887748794079,B
84665,226,1364.7,0.9400581496629902,B
22916,1962,1363.38,0.9401274573441217,B
23221,1536,1363.04,0.9401967477412889,B
35649,1826,1362.8999999999999,0.9402660310215294,B
21285,1007,1362.6200000000001,0.9403353000679169,B
21530,959,1361.5600000000002,0.940404515229003,B
84965B,27,1359.95,0.9404736485454335,B
22269,1521,1357.7,0.9405426674826868,B
21684,1696,1357.61,0.9406116818447731,B
23469,332,1355.24,0.9406805757274593,B
22050,3300,1354.0,0.9407494065745103,B
35962,581,1351.78,0.9408181245674399,B
17129D,1125,1351.18,0.9408868120592555,B
21059,1596,1348.56,0.9409553663628736,B
84466,1256,1348.36,0.9410239104994538,B
20762,458,1343.79,0.9410922223192164,B
21822,1010,1343.7,0.9411605295638119,B
22684,1012,1342.44,0.9412287727560683,B
21190,806,1337.59,0.9412967693976538,B
20993,10967,1334.1100000000001,0.9413645891327788,B
20780,231,1333.96,0.9414324012426253,B
16235,5827,1333.95,0.9415002128441198,B
23061,1015,1332.68,0.9415679598849231,B
21580,542,1329.6299999999999,0.9416355518783975,B
23538,331,1329.54,0.9417031392967048,B
20933,505,1329.4900000000002,0.9417707241732526,B
85032D,1148,1327.68,0.9418382170381068,B
21775,874,1326.29,0.9419056392420471,B
21926,1009,1325.27,0.9419730095940937,B
85032A,1441,1323.51,0.9420402904762064,B
22924,1500,1323.4199999999998,0.9421075667831519,B
22918,1925,1322.8600000000001,0.942174814622391,B
21738,422,1322.63,0.9422420507695365,B
47593B,2341,1320.99,0.9423092035469706,B
22701,675,1320.5700000000002,0.942376334973625,B
85200,1045,1319.09,0.9424433911641984,B
22232,1109,1318.99,0.9425104422712528,B
85135C,162,1317.92,0.9425774389846542,B
22051,3175,1317.5,0.9426444143472759,B
85071B,2340,1316.48,0.9427113378580038,B
22923,1583,1314.8899999999999,0.9427781805407799,B
22977,999,1313.86,0.9428449708633104,B
20760,5550,1313.66,0.942911751018803,B
84688,422,1313.52,0.942978524057369,B
23373,1608,1313.3899999999999,0.9430452904873603,B
35598D,1727,1312.2,0.9431119964234758,B
23405,252,1311.48,0.9431786657582545,B
22481,1272,1309.81,0.9432452501982661,B
21277,54,1309.3899999999999,0.943311813287498,B
21842,551,1308.74,0.9433783433338565,B
20893,559,1308.5900000000001,0.9434448657549366,B
20798,551,1308.15,0.943511365808533,B
21945,1862,1307.1,0.9435778124851802,B
22893,2721,1306.09,0.9436442078182857,B
21219,1013,1303.27,0.9437104597961558,B
20738,1610,1301.72,0.9437766329794816,B
21248,1043,1299.55,0.9438426958504454,B
85170D,723,1296.36,0.9439085965571536,B
22105,692,1294.7,0.9439744128774468,B
79191C,1619,1293.76,0.9440401814126614,B
22267,1472,1291.47,0.9441058335352913,B
22181,1538,1291.3799999999999,0.9441714810827541,B
22258,1342,1291.05,0.9442371118546043,B
21880,2483,1289.8300000000002,0.9443026806075228,B
85006,3049,1289.31,0.9443682229261425,B
84609,143,1289.24,0.944433761686299,B
84569D,1023,1287.54,0.9444992140266327,B
85141,182,1286.44,0.9445646104482578,B
85025C,720,1285.9099999999999,0.9446299799272322,B
17091A,2085,1285.8899999999999,0.9446953483895028,B
46776A,406,1283.23,0.9447605816301684,B
72818,2394,1283.1299999999999,0.9448258097873149,B
46775E,101,1282.9,0.9448910262523678,B
82613D,1186,1281.86,0.9449561898488232,B
22097,2064,1281.75,0.9450213478534079,B
22543,3247,1281.49,0.945086492640843,B
85231G,1474,1281.31,0.9451516282779441,B
22214,549,1279.79,0.9452166866455565,B
84816,33,1278.3500000000001,0.9452816718104957,B
72800B,985,1276.78,0.9453465771641868,B
21425,505,1274.93,0.9454113884727767,B
21759,30,1274.47,0.9454761763971792,B
47591d,253,1274.3799999999999,0.9455409597464146,B
23072,334,1273.76,0.9456057115778324,B
16225,1520,1271.66,0.9456703566553515,B
22268,2554,1271.29,0.9457349829238503,B
35648,1041,1270.93,0.9457995908916808,B
21549,547,1270.39,0.9458641714085086,B
85163B,115,1268.6599999999999,0.9459286639804583,B
21689,342,1268.12,0.9459931291014053,B
20765,442,1265.06,0.9460574386666714,B
20777,3660,1262.7,0.9461216282608893,B
40003,1150,1257.02,0.946185529111229,B
21063,1456,1256.27,0.9462493918351763,B
21145,869,1256.21,0.9463132515090124,B
77101A,1082,1255.97,0.9463770989824026,B
22919,1800,1255.44,0.9464409195131425,B
20825,361,1255.08,0.9465047217432139,B
35957,3565,1254.8999999999999,0.946568514822951,B
20731,4142,1252.92,0.9466322072490124,B
22999,2894,1252.59,0.9466958828994612,B
23511,571,1252.01,0.9467595290654999,B
84967B,24,1249.45,0.9468230450934524,B
85159A,492,1248.98,0.9468865372288658,B
22280,877,1248.74,0.9469500171638335,B
22062,761,1248.15,0.9470134671060393,B
22389,647,1245.52,0.9470767833516958,B
21752,77,1244.81,0.9471400635043674,B
22808,420,1243.88,0.9472032963803124,B
20707,1613,1243.68,0.9472665190892197,B
79163,1833,1240.83,0.9473295969178357,B
23067,294,1236.66,0.9473924627637101,B
85162A,607,1234.27,0.9474552071134809,B
23138,879,1231.51,0.9475178111581277,B
84910A,432,1230.39,0.9475803582673619,B
21438,373,1229.8200000000002,0.9476428764005378,B
23539,247,1227.95,0.9477052994719087,B
22921,1771,1226.72,0.947767660015996,B
85135B,151,1226.51,0.9478300098846937,B
21253,332,1225.17,0.9478922916342369,B
16046,10056,1223.5,0.947954488489013,B
22290,670,1223.02,0.9480166609428979,B
23142,121,1220.8200000000002,0.9480787215593652,B
22216,1396,1215.83,0.9481405285082352,B
23598,427,1215.53,0.9482023202065483,B
21490,637,1210.6,0.9482638612873754,B
22233,949,1210.11,0.9483253774589595,B
84823,120,1210.0,0.9483868880386727,B
84687,314,1208.06,0.9484482999981174,B
22265,1843,1207.8,0.948509698740413,B
21396,948,1205.25,0.9485709678529745,B
23071,315,1205.1,0.9486322293402575,B
20771,606,1201.68,0.9486933169711911,B
21904,757,1201.52,0.9487543964684944,B
21130,721,1200.93,0.9488154459730357,B
79066K,1377,1200.25,0.9488764609096478,B
22256,933,1200.07,0.9489374666959259,B
23444,79,1200.0,0.9489984689237406,B
84658,214,1199.66,0.9490594538675908,B
21883,2348,1199.48,0.9491204296611069,B
23026,556,1198.96,0.9491813790203242,B
22403,1715,1195.8899999999999,0.9492421723155087,B
84830,113,1195.15,0.9493029279926526,B
85129D,793,1193.56,0.9493636028418446,B
84625A,838,1193.0,0.9494242492233305,B
22102,1842,1191.69,0.9494848290107176,B
72232,6268,1190.9199999999998,0.9495453696550087,B
84559A,1321,1190.1699999999998,0.9496058721729073,B
84750A,544,1189.23,0.9496663269057274,B
47503E,6842,1186.9,0.949726663192555,B
20934,197,1185.07,0.9497869064509854,B
84815,926,1183.8200000000002,0.9498470861654285,B
22761,48,1182.78,0.9499072130112741,B
21806,2707,1179.4299999999998,0.9499671695592337,B
21312,299,1179.17,0.950027112890044,C
23041,272,1178.48,0.9500870211445733,C
85130A,685,1176.29,0.9501468180700368,C
23225,1355,1176.17,0.9502066088952775,C
84674,460,1175.93,0.9502663875200726,C
22252,956,1175.56,0.9503261473358475,C
72819,694,1174.01,0.9503858283570783,C
23523,360,1173.81,0.9504454992112709,C
21393,5244,1172.8100000000002,0.9505051192302736,C
23431,1449,1171.23,0.9505646589296765,C
22048,2815,1166.3,0.9506239480115934,C
23418,557,1166.0,0.9506832218429535,C
23515,579,1164.98,0.9507424438224198,C
84313B,227,1164.04,0.9508016180168076,C
21650,3204,1163.8,0.95086078001075,C
23508,2627,1163.45,0.9509199242123758,C
21649,421,1162.89,0.9509790399462954,C
37475,116,1160.56,0.9510380372342225,C
22253,964,1158.28,0.951096918617917,C
21763,43,1157.8999999999999,0.9511557806842391,C
23566,881,1156.93,0.9512145934404272,C
23507,2882,1155.67,0.9512733421442762,C
23269,779,1152.98,0.9513319541014644,C
22264,2014,1152.22,0.9513905274239083,C
84847,2330,1149.73,0.9514489741667295,C
22806,430,1149.0200000000002,0.9515073848165658,C
22814,2728,1147.77,0.9515657319224149,C
23402,296,1147.28,0.9516240541190211,C
21261,283,1146.1200000000001,0.951682317346807,C
21316,693,1146.1100000000001,0.9517405800662408,C
22615,3718,1145.8799999999999,0.9517988310935811,C
72598,1244,1145.76,0.9518570760206987,C
22040,2815,1144.3,0.9519152467284391,C
20932,333,1143.97,0.9519734006605667,C
84750B,609,1142.02,0.9520314554640741,C
22718,2605,1141.36,0.9520894767163562,C
21366,238,1140.0,0.9521474288327803,C
85110,11520,1138.04,0.9522052813122321,C
84596E,1127,1137.84,0.952263123624646,C
21942,1672,1136.28,0.9523208866341639,C
37424,5249,1134.68,0.9523785683073779,C
22230,1657,1134.6399999999999,0.9524362479471843,C
22715,2717,1133.93,0.952493891494006,C
85118,2054,1133.68,0.9525515223320301,C
22598,1790,1131.85,0.9526090601416569,C
21555,425,1131.3700000000001,0.9526665735503926,C
21413,3162,1131.14,0.9527240752670346,C
23506,2723,1129.1200000000001,0.9527814742965931,C
37482B,1251,1127.9099999999999,0.9528388118155718,C
20622,582,1127.59,0.9528961330672899,C
22255,1185,1127.11,0.9529534299181167,C
21040,894,1125.85,0.9530106627166045,C
20700,420,1125.05,0.9530678548469403,C
85124C,426,1123.89,0.9531249880084559,C
48173c,70,1123.55,0.953182103886007,C
20832,1681,1122.6499999999999,0.9532391740118871,C
85136A,138,1121.28,0.9532961744935573,C
85224,2004,1120.96,0.9533531587079667,C
23510,2521,1118.8,0.9534100331183659,C
23411,227,1118.6100000000001,0.9534668978700791,C
17096,6240,1117.0900000000001,0.9535236853523037,C
21010,850,1114.76,0.9535803543885361,C
23513,566,1114.26,0.9536369980071735,C
47504H,1028,1113.07,0.953693581131935,C
20669,797,1111.89,0.9537501042711725,C
23433,1258,1108.5800000000002,0.9538064591459314,C
84678,565,1108.28,0.9538627987701336,C
84631,288,1106.16,0.9539190306237332,C
21944,1789,1106.01,0.9539752548520545,C
21666,1760,1105.15,0.9540314353621122,C
22116,823,1103.88,0.9540875513114789,C
21202,854,1103.48,0.9541436469267698,C
84638,400,1101.55,0.9541996444301443,C
22532,2862,1101.1000000000001,0.9542556190576833,C
23375,1342,1100.6899999999998,0.9543115728427946,C
47587A,2706,1099.88,0.9543674854514019,C
22709,2799,1099.58,0.9544233828094523,C
21131,276,1098.86,0.954479243566166,C
21779,301,1097.8000000000002,0.9545350504375785,C
84358,121,1097.48,0.9545908410417303,C
85212,2831,1096.56,0.9546465848775073,C
37479B,1253,1095.8500000000001,0.9547022926202997,C
20892,102,1095.35,0.9547579749454972,C
22997,2545,1094.93,0.9548136359199147,C
84989A,2120,1093.42,0.9548692201331959,C
20867,1098,1093.14,0.9549247901126238,C
85131D,1443,1092.71,0.95498033823292,C
85093,1361,1091.21,0.9550358101004315,C
23087,868,1090.66,0.9550912540085884,C
20755,5145,1089.73,0.9551466506400189,C
23432,1276,1088.3600000000001,0.9552019776272392,C
84791,334,1086.13,0.9552571912519863,C
84509C,277,1085.96,0.9553123962347511,C
21839,201,1085.5900000000001,0.9553675824084955,C
72815,282,1083.36,0.9554226552197667,C
20615,637,1077.81,0.955477445895734,C
23347,860,1077.3,0.9555322106457548,C
21817,1687,1077.19,0.9555869698039046,C
21632,132,1076.22,0.9556416796519202,C
23102,1274,1075.03,0.9556963290060599,C
21850,447,1072.98,0.9557508741480605,C
21758,135,1069.76,0.9558052556007498,C
85126,156,1069.16,0.9558596065523252,C
21827,835,1068.89,0.9559139437783993,C
84559B,1199,1065.55,0.9559681112149393,C
84247E,376,1064.0500000000002,0.9560222023986946,C
23331,1596,1062.28,0.9560762036041638,C
22860,612,1060.85,0.9561301321153116,C
21815,679,1060.24,0.9561840296169934,C
72800F,822,1060.19,0.9562379245769159,C
22856,877,1059.8500000000001,0.9562918022528739,C
23033,714,1058.8999999999999,0.9563456316354013,C
85008,269,1058.72,0.9563994518675946,C
22995,2381,1058.64,0.9564532680329728,C
23516,296,1058.6,0.9565070821649434,C
85163A,103,1058.17,0.9565608744377824,C
35651,459,1057.6200000000001,0.956614638751267,C
85179B,246,1056.6,0.956668351212858,C
16047,10612,1054.7,0.956721967087588,C
21825,733,1053.1899999999998,0.9567755062011816,C
84908B,435,1052.29,0.9568289995631042,C
85078,2258,1052.02,0.9568824791995255,C
37327,1739,1051.69,0.9569359420603344,C
20783,165,1051.4,0.9569893901789379,C
23327,1734,1051.1399999999999,0.9570428250803923,C
84965A,20,1050.0,0.9570962020297302,C
22857,1230,1048.28,0.9571494915425416,C
22821,1660,1047.45,0.9572027388621454,C
72750B,496,1047.2,0.9572559734729517,C
85144,287,1046.85,0.9573091902914416,C
22511,397,1046.66,0.9573623974512454,C
21061,1396,1046.56,0.9574155995275302,C
84707A,125,1045.8799999999999,0.9574687670358858,C
84908A,432,1045.16,0.9575218979429049,C
46775A,83,1044.23,0.9575749815731973,C
23419,473,1043.72,0.9576280392775429,C
22134,2354,1043.58,0.9576810898649619,C
35646,642,1043.44,0.9577341333354545,C
18007,11396,1043.22,0.9577871656222052,C
84405A,129,1042.16,0.9578401440236547,C
22266,2542,1040.11,0.957893018212965,C
20671,786,1038.72,0.9579458217413613,C
85124A,377,1037.13,0.9579985444418059,C
21269,114,1036.84,0.9580512524000454,C
21725,1135,1036.4299999999998,0.958103939515857,C
23088,795,1033.28,0.9581564665008208,C
85160B,6155,1032.7,0.9582089640013743,C
21664,258,1031.07,0.9582613786405684,C
84686,389,1027.79,0.9583136265403398,C
20652,1516,1027.29,0.9583658490225162,C
23545,2480,1025.6,0.958417985593222,C
85104,351,1024.49,0.9584700657368668,C
84625C,770,1024.15,0.9585221285965472,C
82616C,632,1024.1,0.9585741889144681,C
21417,502,1023.9,0.9586262390653509,C
35923,1545,1023.77,0.9586782826076592,C
22247,1184,1022.79,0.9587302763314813,C
85180B,364,1022.16,0.9587822380291339,C
23452,518,1021.76,0.9588341793927107,C
23153,263,1020.69,0.9588860663626342,C
72800D,631,1020.21,0.9589379289316666,C
22717,2405,1018.42,0.9589897005057093,C
84985A,644,1018.13,0.9590414573375468,C
20839,633,1018.11,0.9590932131526804,C
84923,234,1017.64,0.9591449450752749,C
85031C,481,1017.48,0.959196668864239,C
21814,670,1016.53,0.9592483443597729,C
85099f,201,1016.3599999999999,0.9593000112133243,C
23544,164,1015.78,0.9593516485824658,C
22049,3500,1015.75,0.9594032844265514,C
22420,2111,1014.75,0.9594548694354472,C
84709B,176,1014.48,0.9595064407188418,C
20619,578,1014.42,0.9595580089521252,C
84596L,1536,1013.96,0.959609553801221,C
20730,2218,1011.7,0.9596609837627879,C
72586,2303,1010.1,0.959712332388051,C
23107,359,1009.51,0.959763651020552,C
21084,2929,1008.8100000000001,0.9598149340684201,C
47589,183,1008.73,0.9598662130494731,C
84905,269,1007.91,0.9599174503456704,C
84929,3096,1007.52,0.9599686678161437,C
23460,108,1007.0799999999999,0.9600198629191332,C
22643,464,1006.24,0.9600710153205634,C
21836,249,1003.89,0.9601220482592976,C
23281,1280,1000.82,0.9601729251339989,C
23121,2501,1000.44,0.960223782691328,C
84907,391,999.17,0.9602745756879661,C
21427,507,999.06,0.9603253630927333,C
23533,215,998.64,0.9603761291467208,C
21127,297,998.03,0.9604268641912423,C
21250,402,997.5500000000001,0.960477574834873,C
23517,334,996.38,0.9605282260013313,C
20705,273,996.19,0.9605788675091036,C
20782,155,995.48,0.9606294729238911,C
84918,208,995.12,0.9606800600380103,C
85170C,543,993.03,0.9607305409065828,C
20617,498,992.99,0.9607810197417475,C
72484,1818,991.38,0.9608314167322566,C
21690,258,990.84,0.9608817862717632,C
21721,1090,990.5,0.9609321385273053,C
84964B,17,990.0,0.9609824653652524,C
21335,42,989.62,0.9610327728858274,C
84660C,725,987.98,0.9610829970366912,C
21636,1014,985.74,0.9611331073167295,C
82613B,896,985.5699999999999,0.9611832089547856,C
21303,96,985.54,0.961233309067786,C
85025B,570,985.4,0.9612834020638599,C
35958,1131,984.63,0.9613334559168375,C
17021,3720,984.24,0.9613834899440911,C
22529,2437,984.03,0.9614335132959548,C
23380,2344,983.5,0.961483509705168,C
35653,311,982.5300000000001,0.9615334568042471,C
85019B,718,982.47,0.9615834008532146,C
23518,361,980.41,0.9616332401816912,C
20661,898,980.0600000000001,0.9616830617178512,C
84030e,120,979.4000000000001,0.9617328497027859,C
22108,313,978.74,0.9617826041364953,C
82616B,606,977.5500000000001,0.9618322980763289,C
23514,478,977.39,0.9618819838825321,C
21208,1078,976.91,0.9619316452878443,C
23512,500,975.24,0.9619812217983892,C
35599B,268,974.81,0.9620307764498025,C
84873a,88,973.36,0.9620802573901905,C
71279,293,972.1100000000001,0.9621296747865914,C
84800L,650,970.7900000000001,0.9621790250805415,C
21562,678,970.2800000000001,0.962228349448545,C
85018D,787,969.9,0.9622776544991761,C
78124,730,969.61,0.9623269448076024,C
22104,1187,968.0799999999999,0.962376157338188,C
85189,1176,967.9499999999999,0.962425363260199,C
72814,266,967.9200000000001,0.9624745676571544,C
23183,226,967.17,0.9625237339277175,C
21299,166,966.35,0.9625728585134249,C
20830,407,964.61,0.9626218946459019,C
90175A,107,964.45,0.9626709226447484,C
20773,3339,963.98,0.9627199267510558,C
20774,3484,962.48,0.9627688546045784,C
21691,249,960.99,0.9628177067136681,C
85197,1669,959.46,0.9628664810449173,C
85130D,788,958.85,0.962915224366701,C
72753B,445,957.73,0.9629639107530718,C
21805,2221,957.63,0.9630125920559236,C
22994,2194,956.94,0.9630612382824945,C
84360,179,956.89,0.9631098819673058,C
22512,384,956.1700000000001,0.9631584890507806,C
84664,193,955.35,0.9632070544493997,C
85111,2907,954.15,0.9632555588457908,C
20758,5425,953.42,0.9633040261324936,C
85032B,982,953.34,0.9633524893523809,C
21060,1276,952.55,0.9634009124124684,C
20878,737,952.51,0.9634493334391483,C
17012C,856,950.4,0.9634976472035776,C
21129,124,949.44,0.9635459121662246,C
22953,760,948.55,0.9635941318855527,C
23540,150,947.0600000000001,0.9636422758604478,C
37492B,489,946.72,0.9636904025513784,C
21331,110,946.68,0.9637385272089014,C
85032C,886,946.59,0.9637866472912574,C
21641,1666,946.31,0.9638347531397601,C
20778,3611,944.36,0.9638827598596427,C
85031A,477,943.44,0.9639307198111506,C
22143,446,942.88,0.9639786512949522,C
20998,324,942.2600000000001,0.9640265512609363,C
22096,1667,938.86,0.9640742783872747,C
85124B,353,938.47,0.964121985687889,C
90147,93,937.4499999999999,0.9641696411366097,C
84817,1059,937.44,0.9642172960769787,C
23178,327,936.89,0.9642649230579932,C
85121B,86,936.74,0.964312542413729,C
85226A,1714,933.07,0.9643599752043183,C
82001s,125,932.98,0.9644074034197405,C
47504E,4387,931.86,0.9644547746997499,C
21726,1077,930.99,0.9645021017531442,C
23179,324,930.48,0.9645494028805918,C
21720,1068,929.81,0.964596669948462,C
21014,1850,928.0899999999999,0.9646438495798059,C
20831,474,927.96,0.9646910226025751,C
37330,517,927.4599999999999,0.9647381702077493,C
20775,3604,926.54,0.9647852710445488,C
23099,137,925.35,0.9648323113874725,C
72800C,660,924.84,0.9648793258044494,C
82607A,663,923.72,0.9649262832860135,C
84341B,1757,922.18,0.9649731624813853,C
22703,513,921.81,0.9650200228677368,C
20903,187,919.8,0.9650667810753568,C
22647,1058,919.63,0.9651135306409945,C
85121C,98,918.91,0.9651602436052955,C
72529W,464,918.75,0.9652069484359661,C
21702,2636,918.6800000000001,0.9652536497081735,C
72045D,539,918.65,0.9653003494553251,C
85130B,911,918.33,0.965347032935216,C
84600,108,918.27,0.9653937133649955,C
21264,391,917.8499999999999,0.9654403724439953,C
23338,431,915.4000000000001,0.9654869069767799,C
85019A,647,915.04,0.9655334232088961,C
21007,1927,914.67,0.9655799206319924,C
23002,2119,914.37,0.9656264028045315,C
21320,398,913.34,0.9656728326168251,C
23413,173,909.31,0.9657190575633036,C
37482P,667,906.3100000000001,0.9657651300042125,C
22707,2157,905.94,0.9658111836361013,C
46000P,213,905.25,0.965857202191709,C
46776C,258,905.1,0.9659032131220383,C
23004,2002,903.16,0.9659491254320993,C
21444,291,902.0300000000001,0.9659949802983958,C
23532,210,901.58,0.9660408122888567,C
22248,1013,901.5,0.9660866402125025,C
21318,972,900.42,0.9661324132341433,C
21480,285,899.5200000000001,0.9661781405041133,C
84660B,745,899.48,0.9662238657406756,C
84820,323,899.37,0.9662695853853671,C
20913,314,898.7199999999999,0.9663152719871851,C
23502,714,896.41,0.9663608411597147,C
17109B,4542,896.3399999999999,0.9664064067737809,C
20941,998,896.28,0.9664519693377357,C
85031B,496,896.09,0.9664975222430044,C
84760L,560,896.0,0.9665430705731061,C
22936,279,895.97,0.966588617378152,C
23472,58,894.42,0.9666340853886538,C
21676,1193,893.7199999999999,0.9666795178145225,C
85049e,268,893.25,0.9667249263478521,C
84666,226,892.7,0.9667703069218273,C
20759,5777,891.13,0.9668156076845543,C
20757,5347,890.7,0.9668608865881498,C
85194S,1760,889.46,0.96690610245611,C
21220,659,888.68,0.9669512786726219,C
21724,996,888.3399999999999,0.9669964376051694,C
85214,514,886.23,0.9670414892754663,C
84086C,297,884.75,0.9670864657096822,C
20991,7084,884.5600000000002,0.9671314324852119,C
22164,315,883.2200000000001,0.9671763311415873,C
84974,89,879.55,0.967221043232816,C
72799A,612,877.8000000000001,0.9672656663624626,C
23423,219,876.9,0.9673102437404381,C
21185,132,876.29,0.9673547901089479,C
21062,1053,875.87,0.967399315126678,C
35598B,931,874.65,0.9674437781254763,C
90200C,206,874.63,0.967488240107571,C
20803,1149,874.46,0.9675326934476834,C
21270,76,874.43,0.9675771452627401,C
90200E,209,873.97,0.9676215736936093,C
21338,199,873.25,0.9676659655231421,C
84925F,714,873.11,0.9677103502357481,C
85165,90,872.76,0.9677547171560379,C
23479,113,872.38,0.9677990647589553,C
21293,343,872.34,0.9678434103284652,C
21414,1637,870.89,0.9678876821869499,C
21147,477,870.48,0.9679319332030067,C
23220,993,869.1500000000001,0.967976116608261,C
84826,1734,869.08,0.9680202964550519,C
17033,3280,867.8399999999999,0.9680644132662075,C
17012B,721,867.4499999999999,0.968108510251639,C
85166B,510,864.1,0.9681524369391847,C
85161,51,863.85,0.9681963509179329,C
21255,476,860.08,0.9682400732480152,C
84632,15,859.25,0.96828375338489,C
22486,104,856.4,0.9683272886414738,C
84660A,860,855.26,0.9683707659459412,C
21635,398,855.24,0.9684142422337046,C
84578,222,854.91,0.9684577017458555,C
21478,204,854.23,0.9685011266900775,C
20756,5728,851.5600000000001,0.9685444159043423,C
35954,2181,850.49,0.968587650724954,C
21376,183,849.91,0.9686308560611557,C
21458,768,849.24,0.9686740273377801,C
84951A,622,848.76,0.9687171742135136,C
20897,351,848.7,0.9687603180391354,C
72349b,204,848.41,0.9688034471225524,C
22547,1980,846.82,0.9688464953780175,C
22229,1007,845.3,0.968889466363994,C
22820,1353,845.13,0.9689324287079881,C
84509a,113,844.74,0.9689753712262582,C
90161C,169,843.91,0.9690182715513208,C
37423,6168,843.88,0.9690611703513278,C
20936,333,843.3900000000001,0.9691040442420916,C
21300,53,841.7,0.9691468322213846,C
21128,126,841.63,0.9691896166422144,C
23564,644,841.31,0.9692323847957833,C
84782A,119,840.45,0.969275109231089,C
23551,1840,839.8399999999999,0.9693178026569289,C
85231L,1039,838.3499999999999,0.969360420338336,C
17039,3707,837.88,0.9694030141272039,C
84762B,113,837.77,0.9694456023242007,C
21552,165,837.6,0.9694881818792156,C
85071C,1285,837.23,0.96953074262521,C
40018E,384,837.02,0.9695732926958145,C
85208,420,836.94,0.969615838699604,C
47563A,343,836.62,0.9696583684361327,C
47367B,242,834.95,0.9697008132778943,C
84849A,470,833.57,0.9697431879670938,C
20776,3258,832.66,0.9697855163962708,C
85196,1564,831.04,0.96982776247244,C
85213,1378,828.9999999999999,0.9698699048448219,C
20894,267,827.3000000000001,0.9699119607973813,C
23017,67,826.28,0.969953964898047,C
85188A,944,824.9699999999999,0.9699959024046139,C
21551,169,824.95,0.9700378388944769,C
79342B,119,824.9499999999999,0.97007977538434,C
22510,316,821.57,0.9701215400512615,C
21654,1183,820.2099999999999,0.9701632355823248,C
82613C,770,820.01,0.9702049209463501,C
23186,1982,819.4599999999999,0.9702465783510211,C
21375,134,817.6,0.9702881412022389,C
22289,764,817.48,0.970329697953234,C
85187,479,816.48,0.9703712038690392,C
23324,399,816.0400000000001,0.9704126874173608,C
23106,291,815.59,0.9704541480898469,C
21719,906,813.14,0.970495484216118,C
20833,52,811.8,0.9705367522232347,C
21374,470,809.67,0.9705779119513971,C
85145,91,809.05,0.9706190401617417,C
20769,438,808.8100000000001,0.9706601561716406,C
47594B,408,808.39,0.97070125083076,C
84922,342,808.22,0.9707423368478969,C
23022,422,808.16,0.9707834198149226,C
21454,937,807.6,0.9708244743142419,C
22344,1580,807.3199999999999,0.9708655145797082,C
20901,91,806.58,0.9709065172271337,C
84767,195,806.22,0.970947501573891,C
17012A,726,806.16,0.9709884828705369,C
22135,1624,806.15,0.9710294636588308,C
84920,201,805.38,0.9710704053040287,C
37333,145,805.1,0.9711113327153734,C
21222,621,804.65,0.9711522372508826,C
17107D,315,803.25,0.9711930706171261,C
84951B,565,802.73,0.9712338775490709,C
23409,215,801.68,0.9712746311040663,C
85044,149,801.4,0.9713153704252085,C
16011,3812,799.3199999999999,0.9713560040091559,C
22825,100,799.02,0.9713966223425463,C
22408,650,798.67,0.9714372228836204,C
20699,294,797.96,0.9714777873317096,C
21455,901,797.27,0.9715183167035178,C
20997,170,796.74,0.9715588191326754,C
22447,248,796.34,0.971599301227757,C
72801G,1323,796.12,0.9716397721390969,C
22058,520,795.72,0.9716802227163608,C
23487,80,795.5799999999999,0.9717206661766981,C
37494A,237,793.44,0.9717610008497293,C
23521,413,793.37,0.9718013319642971,C
84625D,650,793.34,0.9718416615538092,C
35915C,662,793.32,0.9718819901266176,C
47574A,573,792.73,0.9719222887066639,C
23519,224,792.31,0.9719625659359304,C
85017A,1157,792.15,0.9720028350315665,C
45008C,83,792.0699999999999,0.9720431000603875,C
23335,377,790.7800000000001,0.9720832995118137,C
23568,630,787.52,0.9721233332405209,C
84970s,373,784.04,0.9721631900627674,C
72799C,471,783.1,0.9722029990999356,C
20989,407,782.18,0.972242761368729,C
37461,742,778.64,0.9722823436809505,C
21456,738,776.05,0.9723217943300302,C
90200B,183,775.45,0.9723612144779958,C
84534B,818,774.7099999999999,0.9724005970079213,C
21015,1700,771.7299999999999,0.9724398280489808,C
23115,152,770.32,0.9724789874124227,C
21723,866,769.13,0.9725180862819885,C
20910,106,769.12,0.9725571846432027,C
84761,276,768.8499999999999,0.9725962692789155,C
21554,167,767.75,0.9726352979959195,C
84712B,98,767.1600000000001,0.9726742967201615,C
72755C,592,767.0,0.9727132873107731,C
72750A,383,766.85,0.9727522702761062,C
35095B,1952,766.64,0.9727912425660495,C
84029C,204,766.19,0.9728301919801574,C
23140,182,766.1,0.9728691368190981,C
16259,5473,766.09,0.972908081149687,C
22640,357,765.39,0.972946989895643,C
16244B,345,765.02,0.9729858798325787,C
84963A,23,763.35,0.9730246848747474,C
23550,1855,763.1,0.9730634772081186,C
35811A,434,762.97,0.973102262932915,C
23006,1758,762.75,0.9731410374739697,C
23458,51,762.4499999999999,0.9731797967644675,C
84762C,105,761.25,0.9732184950527375,C
23025,350,760.8000000000001,0.973257170465172,C
23123,935,759.57,0.9732957833503231,C
23282,812,757.86,0.9733343093072995,C
21298,52,755.8,0.9733727305437848,C
85135A,94,754.59,0.9734110902696904,C
90209C,399,754.46,0.9734494433870213,C
47581B,46,753.77,0.9734877614280713,C
22124,298,751.9300000000001,0.9735259859323718,C
17165B,810,751.68,0.973564197727875,C
21194,578,751.5,0.973602400373044,C
23124,567,751.38,0.9736405969179901,C
84653,14,750.48,0.9736787477112655,C
23223,801,750.19,0.9737168837623358,C
21344,166,749.82,0.9737550010043858,C
90200A,177,749.69,0.9737931116378613,C
84615,240,748.48,0.9738311607607569,C
35647,563,748.24,0.9738691976832069,C
84620,121,746.61,0.9739071517442975,C
84663A,373,746.39,0.9739450946216465,C
84842,1505,744.15,0.97398292362817,C
21319,508,743.61,0.974020725183691,C
72800A,674,743.26,0.9740585089468957,C
84689,312,742.9,0.974096274409432,C
21377,518,742.56,0.9741340225880036,C
84821,1318,742.5,0.9741717677164641,C
23325,462,740.9399999999999,0.9742094335420283,C
21503,1801,740.42,0.9742470729332939,C
23114,149,737.95,0.9742845867616404,C
85130C,659,737.89,0.9743220975398756,C
84033,392,735.38,0.9743594807217842,C
22638,405,735.23,0.9743968562784144,C
84715,241,734.8900000000001,0.9744342145510801,C
90161B,147,734.16,0.9744715357140572,C
23454,174,733.2,0.974508808075252,C
84708B,142,732.7900000000001,0.9745460595940189,C
23435,824,732.4200000000001,0.9745832923037656,C
ADJUST2,3,731.0500000000001,0.9746204553693023,C
85131B,948,730.74,0.97465760267593,C
90209B,380,730.66,0.9746947459157426,C
47503F,2567,729.9499999999999,0.9747318530625704,C
21378,560,728.97,0.9747689103909121,C
21443,257,727.9300000000001,0.9748059148506564,C
23522,354,727.4399999999999,0.9748428944011577,C
20657,1877,726.47,0.9748798246415248,C
21415,348,726.16,0.9749167391229832,C
85230F,2946,725.6999999999999,0.974953630220254,C
35095A,1809,725.5600000000001,0.9749905142005983,C
23562,251,724.59,0.9750273488708086,C
85088,347,723.85,0.9750641459229784,C
84595E,367,723.5699999999999,0.975100928741295,C
84971L,585,723.51,0.9751377085095002,C
84976,674,722.76,0.9751744501513131,C
20701,353,721.49,0.9752111272324347,C
10134,625,721.13,0.9752477860128881,C
84684,609,720.6999999999999,0.9752844229342098,C
85017C,1087,719.67,0.975321007495286,C
23222,799,718.53,0.9753575341042459,C
35951,1352,717.99,0.9753940332622031,C
21001,141,717.8000000000001,0.9754305227614742,C
21026,549,716.73,0.9754669578670924,C
21457,685,716.0,0.9755033558630218,C
21076,843,714.55,0.975539680147926,C
20850,820,713.8000000000001,0.9755759663064378,C
35915B,563,713.73,0.9756122489064863,C
21133,410,712.9100000000001,0.9756484898216792,C
79030D,1009,711.64,0.975684666176181,C
23042,103,711.51,0.9757208359221081,C
16015,1572,711.38,0.9757569990594605,C
20854,441,711.37,0.975793161688461,C
22345,1466,710.5999999999999,0.9758292851743653,C
21221,535,709.66,0.9758653608751912,C
23070,160,709.5400000000001,0.9759014304757941,C
22100,1005,709.5,0.9759374980429896,C
21365,469,707.9200000000001,0.9759734852905851,C
21308,132,705.9,0.9760093698510971,C
21265,321,705.59,0.9760452386527003,C
21379,641,705.46,0.9760811008457289,C
84952C,374,705.01,0.9761169401629219,C
21442,973,704.9699999999999,0.9761527774467074,C
22641,300,704.9,0.9761886111720295,C
22981,471,704.13,0.9762244057542554,C
84869,302,703.54,0.9762601703437193,C
20763,267,702.86,0.9762959003652542,C
84569A,562,702.42,0.9763316080193056,C
21740,201,698.0100000000001,0.9763670914901699,C
84584,282,696.75,0.9764025109086948,C
85231E,835,695.23,0.9764378530577311,C
22036,1649,695.11,0.9764731891065447,C
23187,2338,695.06,0.9765085226135987,C
20898,327,693.9200000000001,0.9765437981685364,C
72755D,533,693.25,0.9765790396638969,C
72131,748,692.28,0.9766142318491233,C
20862,325,691.1400000000001,0.9766493660822332,C
72753A,315,690.24,0.9766844545636721,C
35964,1187,689.76,0.9767195186442201,C
84931B,274,688.73,0.9767545303645225,C
90161D,138,687.52,0.9767894805742452,C
84917,229,686.03,0.976824355039535,C
85186A,1473,685.87,0.9768592213711945,C
84563A,139,685.15,0.9768940511015172,C
37492D,361,682.99,0.9769287710278297,C
23120,1685,682.39,0.9769634604530285,C
85023B,293,682.35,0.9769981478448198,C
17165D,716,682.32,0.9770328337115551,C
22033,1603,681.93,0.9770674997525666,C
85084,682,681.4,0.9771021388509273,C
21674,43,680.8499999999999,0.9771367499899337,C
21386,1148,680.78,0.9771713575704769,C
17012F,586,680.65,0.9772059585424453,C
23597,249,679.07,0.9772404791948137,C
47594A,344,678.3,0.977274960704086,C
62094B,305,677.99,0.9773094264544494,C
84925D,452,677.4499999999999,0.9773438647538102,C
90160C,97,677.0,0.9773782801773357,C
85096,164,676.92,0.9774126915340461,C
84824,38,676.4499999999999,0.9774470789982171,C
23428,77,675.91,0.9774814390113856,C
21847,347,675.37,0.9775157715735517,C
20856,408,674.09,0.9775500390666748,C
37444C,1654,673.72,0.9775842877507775,C
22034,1617,673.49,0.9776185247427865,C
75013B,390,669.62,0.977652565002611,C
72023F,640,669.62,0.9776866052624354,C
85205B,241,669.38,0.9777206333218142,C
23024,255,667.8500000000001,0.9777545836033528,C
82613A,492,667.47,0.9777885145675189,C
85203,1463,665.91,0.977822366228789,C
21879,1567,664.84,0.9778561634964059,C
21247,422,664.73,0.977889955172152,C
90082D,103,664.35,0.977923727530526,C
21750,309,663.85,0.9779574744713051,C
21884,1448,663.61,0.9779912092116385,C
46776E,205,662.1,0.9780248671908354,C
21197,453,661.81,0.9780585104278271,C
23547,1575,661.5,0.97809213790591,C
17109C,3124,661.23,0.9781257516584916,C
23482,418,661.02,0.9781593547356833,C
85188B,748,660.88,0.9781929506959484,C
21764,17,659.1500000000001,0.9782264587113351,C
16169K,2075,658.75,0.9782599463926458,C
17012D,520,658.72,0.9782934325489009,C
21263,299,658.29,0.9783268968460244,C
85186C,1400,658.19,0.9783603560596289,C
46776D,153,658.07,0.9783938091730106,C
22056,607,656.87,0.9784272012841645,C
85028S,430,656.82,0.978460590853559,C
71403,176,656.0500000000001,0.9784939412798571,C
21441,928,655.4599999999999,0.9785272617133934,C
22054,361,655.01,0.9785605592710943,C
85028L,271,654.01,0.9785938059936052,C
85168B,72,652.17,0.9786269591793669,C
90184C,72,651.89,0.9786600981312754,C
85019C,423,651.19,0.9786932014985511,C
37474,63,651.05,0.9787262977489001,C
21307,749,650.07,0.978759344180763,C
20714,1580,649.8199999999999,0.9787923779038286,C
23224,738,649.02,0.9788253709587421,C
84993A,1471,648.61,0.9788583431712279,C
20618,297,648.54,0.9788913118252502,C
21350,225,647.7500000000001,0.9789242403194728,C
21003,109,647.75,0.9789571688136952,C
17164B,1620,646.56,0.9789900368140417,C
21134,377,646.4399999999999,0.9790228987141656,C
84916,261,646.4300000000001,0.9790557601059375,C
47597,322,644.88,0.9790885427031651,C
23408,310,644.8000000000001,0.9791213212335775,C
85215,831,643.89,0.9791540535039673,C
17181,353,642.66,0.9791867232470735,C
17084N,2768,640.26,0.9792192709857241,C
84520D,699,639.47,0.9792517785645747,C
84865,77,639.42,0.9792842836016658,C
84986B,432,639.06,0.9793167703380885,C
35004P,120,638.97,0.979349252499344,C
21665,879,638.8,0.9793817260186175,C
84601A,260,638.34,0.9794141761537035,C
84766,200,638.0,0.979446609004825,C
47592A,331,637.37,0.979479009829777,C
21816,422,637.3399999999999,0.9795114091296732,C
84872a,58,636.47,0.9795437642029541,C
85185D,195,636.11,0.9795761009755668,C
23492,76,635.38,0.9796084006384909,C
22391,323,635.19,0.979640690642729,C
84507C,433,634.64,0.9796729526876126,C
23456,158,634.1,0.9797051872814937,C
20819,228,631.49,0.9797372891955293,C
23216,525,630.73,0.9797693524748206,C
84964A,11,630.0,0.9798013786444233,C
23019,81,629.05,0.9798333565205958,C
85230E,2445,628.41,0.9798653018622466,C
23027,295,627.95,0.9798972238197101,C
22263,836,627.38,0.9799291168011155,C
22042,1738,627.19,0.9799610001238348,C
16169N,2025,626.25,0.9799928356614755,C
71101E,777,626.13,0.9800246650988935,C
90184B,69,625.48,0.9800564614934382,C
85218,1992,625.1999999999999,0.9800882436541296,C
21004,137,625.07,0.9801200192062465,C
82616A,316,624.21,0.9801517510401,C
85092,391,622.57,0.9801833995042423,C
20694,166,622.33,0.9802150357679388,C
84596J,810,621.74,0.9802466420388732,C
23425,275,621.44,0.980278233059251,C
23180,122,621.09,0.9803098062873122,C
16156N,1475,619.5,0.9803412986874216,C
22043,2197,619.25,0.9803727783787335,C
84707B,79,618.52,0.9804042209603567,C
20696,151,617.9399999999999,0.98043563405757,C
23471,65,616.79,0.9804669886943148,C
23453,316,615.98,0.9804983021545559,C
72772,457,615.84,0.9805296084978704,C
84952B,364,615.49,0.9805608970488684,C
84932C,282,615.4,0.9805921810246994,C
20689,429,614.1,0.9806233989147837,C
84859A,293,613.53,0.9806545878288097,C
47583A,71,612.8199999999999,0.9806857406498508,C
85114c,185,612.64,0.9807168843205579,C
22346,1300,612.61,0.9807480264662092,C
37351,5404,612.5099999999999,0.9807791635283416,C
23018,51,612.1600000000001,0.9808102827981575,C
79315W,199,611.51,0.9808413690251001,C
35972,440,611.38,0.9808724486434678,C
84858C,347,611.0699999999999,0.9809035125029268,C
22538,1443,610.43,0.9809345438278643,C
gift_0001_30,24,610.09,0.9809655578688371,C
90198A,144,609.4300000000001,0.9809965383585847,C
20655,414,608.48,0.981027470554902,C
16012,2901,608.01,0.9810583788586801,C
84051,746,607.98,0.9810892856374025,C
21173,340,607.96,0.9811201913994211,C
20695,142,604.58,0.9811509253384978,C
85169D,521,603.98,0.9811816287764608,C
79190B,1485,603.08,0.9812122864627528,C
21416,751,603.0600000000002,0.9812429431323411,C
84247G,1414,602.67,0.9812735799762053,C
84932A,262,602.6,0.9813042132616064,C
20863,293,601.53,0.9813347921533543,C
82095,100,600.91,0.9813653395272844,C
18094C,433,600.66,0.9813958741924171,C
23520,167,600.55,0.9814264032656789,C
84876D,331,600.52,0.981456930813885,C
85146,118,599.38,0.9814874004099746,C
90143,79,599.13,0.9815178572972667,C
17109D,1257,598.3100000000001,0.9815482724997032,C
21440,472,597.56,0.9815786495757473,C
84682,295,596.94,0.9816089951339738,C
82011C,131,595.18,0.981639251222266,C
82605,268,595.07,0.9816695017186875,C
85117,347,594.3199999999999,0.9816997140887166,C
47469,1220,594.28,0.981729924425338,C
72122,586,593.33,0.9817600864685291,C
16236,2652,593.29,0.9817902464783125,C
20849,674,593.03,0.9818203932709467,C
22092,933,592.91,0.9818505339633581,C
62096A,383,592.79,0.9818806685555467,C
23377,1351,592.4499999999999,0.9819107858637706,C
85113,285,591.6600000000001,0.9819408630121946,C
21304,86,591.58,0.9819709360938035,C
84963B,18,591.5,0.9820010051085971,C
20794,212,591.02,0.9820310497224997,C
21322,301,590.45,0.982061065360344,C
84563B,128,590.04,0.9820910601557604,C
21256,326,588.64,0.9821209837819111,C
21893,172,587.8,0.9821508647065025,C
21167,2440,587.52,0.9821807313972405,C
21223,492,587.08,0.982210575720495,C
84934,687,586.5,0.9822403905593394,C
23565,410,586.31,0.9822701957394977,C
23499,1312,586.23,0.982299996852841,C
90199C,99,585.29,0.9823297501811057,C
90195A,70,585.1999999999999,0.9823594989342033,C
84569C,415,584.93,0.9823892339617997,C
21016,834,582.85,0.9824188632522012,C
21553,90,581.27,0.9824484122230027,C
23537,111,581.13,0.9824779540768777,C
20781,103,579.93,0.9825074349285249,C
20804,325,579.3100000000001,0.9825368842623542,C
90010B,63,578.02,0.9825662680187888,C
15056p,46,577.84,0.9825956426248892,C
21419,1259,577.6899999999999,0.9826250096057111,C
35922,97,575.99,0.9826542901667102,C
23016,74,575.25,0.9826835331096689,C
23125,459,574.88,0.9827127572436073,C
84932D,239,574.71,0.9827419727355635,C
20935,300,574.48,0.982771176535426,C
47421,1463,572.7,0.9828002898486505,C
17013D,1068,572.4,0.9828293879113181,C
84675,206,571.71,0.9828584508977047,C
84924A,133,571.0,0.9828874777911066,C
16162L,8101,570.43,0.9829164757084502,C
85202,1208,570.09,0.9829454563418293,C
23455,207,569.4300000000001,0.9829744034239831,C
85129A,444,569.16,0.9830033367806357,C
85086A,587,568.73,0.9830322482781565,C
23219,430,568.6,0.9830611531671029,C
84806B,450,568.02,0.983090028571639,C
84846A,251,567.55,0.9831188800836358,C
85119,413,567.48,0.9831477280371694,C
16169C,1350,567.0,0.9831765515898119,C
85169C,505,566.82,0.9832053659921202,C
20838,446,565.8,0.9832341285425349,C
37444A,2709,563.43,0.9832627706135496,C
23381,1496,562.88,0.9832913847252098,C
23272,364,562.22,0.9833199652856448,C
37345,321,561.05,0.9833484863689077,C
85230B,2120,561.04,0.9833770069438186,C
84773,190,560.5,0.9834055000677271,C
16049,3169,560.48,0.9834339921749318,C
16238,2447,559.54,0.9834624364970579,C
85090,106,559.28,0.9834908676020349,C
21160,794,557.49,0.9835192077120217,C
84306,48,557.4799999999999,0.9835475473136569,C
84569B,433,557.18,0.983575871664735,C
23069,88,556.21,0.9836041467056792,C
23451,277,556.17,0.9836324197132157,C
21371,404,556.01,0.9836606845871219,C
21881,1332,554.95,0.9836888955757266,C
90120D,134,554.13,0.9837170648794757,C
84859C,304,552.72,0.9837451625056071,C
23473,678,552.02,0.9837732245471057,C
84805B,340,551.4000000000001,0.9838012550707864,C
22044,1940,550.28,0.9838292286590548,C
23457,112,549.88,0.983857181913247,C
21373,636,548.89,0.9838850848406013,C
85071D,884,548.86,0.9839129862429,C
85091,343,548.81,0.9839408851034391,C
23549,1305,548.1,0.9839687478709935,C
20888,367,547.74,0.9839965923378795,C
23484,185,547.35,0.9840244169790416,C
23074,246,547.27,0.9840522375533883,C
21339,30,544.5,0.9840799173142593,C
22394,346,544.29,0.9841075863997403,C
23043,81,543.51,0.9841352158337734,C
84596K,428,543.41,0.9841628401842873,C
35969,523,542.47,0.9841904167497229,C
47021G,713,541.96,0.9842179673892116,C
84984B,322,541.3,0.9842454844774752,C
20943,381,540.21,0.9842729461553816,C
21311,701,539.67,0.9843003803822857,C
85027L,190,538.5,0.9843277551320176,C
16048,3461,537.06,0.984355056679076,C
84592,173,536.4000000000001,0.9843823246749092,C
84414B,78,536.24,0.9844095845371118,C
21017,659,535.89,0.9844368266069983,C
23398,606,535.35,0.9844640412258822,C
23660,306,534.66,0.984491220768485,C
90203,71,534.27,0.9845183804853638,C
21418,194,533.84,0.984545518343111,C
16169P,1750,533.75,0.9845726516256911,C
20823,253,533.71,0.9845997828748636,C
20659,369,533.51,0.9846269039569983,C
85020,240,533.48,0.984654023514077,C
85030,211,531.4499999999999,0.9846810398757205,C
72801C,708,531.36,0.9847080516621969,C
84661B,243,530.22,0.9847350054965567,C
72267,265,530.16,0.9847619562808053,C
21734,97,529.49,0.9847888730054766,C
90160D,76,529.22,0.9848157760046465,C
21943,591,529.16,0.9848426759537052,C
84799,678,528.78,0.9848695565853919,C
20653,2004,528.77,0.9848964367087265,C
23139,414,528.6999999999999,0.9849233132735978,C
16202B,1039,528.56,0.9849501827215426,C
23060,249,528.1700000000001,0.9849770323437634,C
90175D,58,527.8199999999999,0.9850038641736678,C
21336,1823,527.5600000000001,0.9850306827864227,C
71270,370,525.4,0.9850573915951675,C
72728,643,523.15,0.9850839860247351,C
21403,2319,523.07,0.9851105763874877,C
22861,305,522.93,0.9851371596333136,C
85226C,989,522.3100000000001,0.9851637113613217,C
22407,438,521.12,0.9851902025954542,C
21459,263,520.55,0.9852166648535283,C
23336,225,519.25,0.9852430610258557,C
20793,281,518.5,0.9852694190717907,C
20868,882,518.07,0.985295755258594,C
35810B,325,517.71,0.985322073144729,C
84657,246,517.48,0.9853483793387703,C
84762A,59,517.4300000000001,0.9853746829910521,C
84683,537,516.85,0.9854009571589238,C
85039C,536,516.31,0.985427203875793,C
71143,349,514.4499999999999,0.985453356039209,C
90114,205,514.18,0.9854794944771238,C
84931A,204,513.69,0.9855056080057957,C
46118,373,513.58,0.9855317159425965,C
72807c,60,511.98,0.9855577425430937,C
23136,135,511.89,0.9855837645684238,C
47559b,154,511.46,0.9856097647346223,C
85179A,217,511.07,0.9856357450750967,C
84875B,373,511.01,0.9856617223654598,C
85129C,390,510.23,0.9856876600043747,C
84989B,1009,510.15,0.9857135935764744,C
84782C,74,509.9,0.9857395144397766,C
90058B,1082,509.08,0.9857653936182231,C
20753,218,509.0,0.9857912687298545,C
20654,398,505.41,0.9858169613431543,C
35004S,145,505.4,0.9858426534481023,C
84509c,67,505.26,0.9858683384361238,C
37352,4643,504.55,0.9858939873311604,C
84877B,291,504.43,0.9859196301259742,C
22541,1245,503.92,0.9859452469948413,C
84218,261,503.51,0.9859708430212806,C
85169B,428,502.90999999999997,0.9859964085466058,C
85142,57,502.58,0.9860219572963184,C
20845,76,502.27,0.986047490287122,C
21117,328,502.08000000000004,0.9860730136192396,C
79337,1194,502.03,0.9860985344095979,C
90014A,55,502.01,0.9861240541832523,C
84804B,355,501.9700000000001,0.9861495719234991,C
90010E,56,501.65,0.986175073396485,C
23117,93,501.23,0.9862005535186914,C
23021,120,500.82000000000005,0.9862260127984699,C
20865,251,500.49,0.9862514553026357,C
84706D,219,500.19,0.9862768825562446,C
16219,3357,499.55,0.986302277275332,C
21882,1052,499.44,0.9863276664025485,C
35471A,421,499.31,0.9863530489211904,C
23560,172,499.18,0.9863784248312574,C
84247L,1137,498.21,0.9864037514311904,C
20864,252,498.14,0.9864290744726602,C
23466,55,498.03,0.986454391922259,C
23045,118,497.98,0.9864797068300983,C
35600D,141,497.70000000000005,0.9865050075040845,C
85230A,1992,497.03999999999996,0.9865302746268453,C
22031,1125,493.99,0.986555386702277,C
84798B,326,492.90000000000003,0.9865804433673518,C
16239,347,492.17,0.9866054629227383,C
85014b,39,491.42,0.9866304443517323,C
90160B,71,490.92,0.9866554003631314,C
84827,1027,489.79,0.9866802989307658,C
35967,936,488.51,0.9867051324293574,C
84876B,344,488.31,0.9867299557609108,C
21663,76,488.16,0.9867547714671859,C
51020B,1084,488.11999999999995,0.9867795851400534,C
84970l,233,487.14,0.9868043489944348,C
84875D,371,483.75,0.9868289405175226,C
23218,379,483.03,0.9868534954392738,C
22259,590,482.95,0.9868780462942097,C
23691,1175,481.5,0.9869025234381203,C
22038,1150,481.0,0.9869269751644361,C
16244A,186,479.40999999999997,0.9869513460628,C
23422,213,477.89,0.9869756396916753,C
37492C,242,477.29999999999995,0.9869999033277886,C
21132,93,476.61,0.987024131887621,C
72750C,232,476.4,0.9870483497720633,C
23561,170,476.0,0.9870725473224299,C
85170B,283,475.91,0.9870967402976293,C
85109,4211,475.43000000000006,0.9871209088719376,C
84809A,276,474.84,0.9871450474534839,C
21536,221,474.74,0.9871691809515111,C
85136B,59,473.77000000000004,0.9871932651394042,C
40046A,355,472.07,0.9872172629074746,C
84926E,1081,471.57,0.9872412352579502,C
20662,728,471.33000000000004,0.98726519540798,C
84901,123,471.13,0.9872891453909719,C
gift_0001_20,28,471.06,0.9873130918155004,C
21518,1107,469.28000000000003,0.9873369477533913,C
90192,94,469.18,0.987360798607763,C
72799B,322,467.71000000000004,0.9873845747344058,C
85211,306,467.4,0.9874083351021395,C
35911A,388,466.69,0.9874320593768886,C
72225C,1926,466.38,0.9874557678927288,C
23379,1220,465.36,0.9874794245566753,C
51020A,1303,463.30999999999995,0.9875029770084826,C
90120C,109,462.32,0.987526479133452,C
84972L,117,462.15000000000003,0.9875499726164391,C
72132,549,462.15,0.9875734660994262,C
84984A,266,462.12,0.9875969580573577,C
72789,122,461.53,0.9876204200225271,C
85204,2353,460.9,0.987643849961527,C
90195B,52,460.69,0.987667269225137,C
84915,234,459.56,0.9876906310449823,C
84948,273,459.21000000000004,0.9877139750725115,C
47422,1177,458.34000000000003,0.9877372748734252,C
16207B,265,457.65000000000003,0.987760539598058,C
90145,75,455.86,0.987783713327701,C
90201B,154,454.31000000000006,0.9878068082627997,C
21757,80,454.3,0.9878299026895466,C
84508B,169,453.76,0.987852969665291,C
20621,207,451.67,0.9878759303954887,C
23548,1075,451.5,0.9878988824837039,C
23509,1062,451.46000000000004,0.9879218325385117,C
90120B,107,451.44,0.9879447815766157,C
82081,174,451.35,0.9879677260395525,C
84597C,364,450.98,0.9879906516934691,C
20616,283,449.26,0.9880134899108592,C
16218,4629,448.13,0.9880362706844847,C
17164D,1150,447.0,0.9880589940143457,C
72801D,553,446.17,0.9880816751509992,C
72127,366,445.94,0.9881043445955591,C
84857C,197,445.03,0.9881269677800961,C
90010A,49,443.84999999999997,0.9881495309791092,C
72128,714,442.23999999999995,0.9881720123334664,C
62096B,257,441.99,0.9881944809790262,C
90198B,104,441.9,0.9882169450494189,C
16243B,212,441.77,0.988239402511237,C
90154,59,439.65,0.9882617522024525,C
79030A,171,438.25,0.9882840307244023,C
23023,274,437.82,0.9883062873872206,C
90013A,115,434.27,0.9883283635851148,C
79071B,142,433.70000000000005,0.9883504108069507,C
21027,355,433.61,0.9883724534536197,C
84859B,282,433.46,0.9883944884750102,C
84510F,1099,432.75,0.9884164874034159,C
84798A,195,432.45000000000005,0.9884384710812646,C
37464,316,431.18,0.9884603901984222,C
84858B,326,431.0,0.9884823001652456,C
23058,490,430.86,0.9885042030151425,C
20851,335,429.57,0.9885260402876446,C
16045,9312,429.44,0.9885478709515719,C
90013B,104,428.92,0.9885696751812005,C
84966B,33,428.0,0.9885914326424545,C
84422,782,427.95,0.9886131875619488,C
84801A,272,427.44000000000005,0.9886349165554965,C
85230G,1680,425.75999999999993,0.9886565601459253,C
20715,400,424.0,0.9886781142664198,C
21028,323,423.9,0.9886996633033953,C
45016,101,423.73,0.9887212036983886,C
16207A,143,423.53000000000003,0.9887427339263439,C
23044,101,423.29,0.9887642519538536,C
21678,572,423.0,0.9887857552391583,C
16008,3141,422.96,0.9888072564910555,C
21729,124,422.9,0.9888287546928411,C
47579,185,420.87,0.9888501496991915,C
46126A,317,419.99,0.9888714999705747,C
84967C,9,419.85,0.9888928431250315,C
84770,135,419.25000000000006,0.9889141557783743,C
72780,514,418.18,0.9889354140380638,C
22032,980,418.12,0.9889566692476421,C
84532B,54,417.58,0.9889778970062177,C
85097B,106,417.17,0.9889991039223658,C
85014a,33,416.12,0.9890202574615644,C
35240,49,416.01,0.9890414054088921,C
84529C,78,414.74,0.9890624887955286,C
22395,234,413.76,0.9890835223636792,C
84007,157,413.12,0.9891045233973083,C
85112,465,412.77,0.9891255066386209,C
23459,33,412.5,0.9891464761544322,C
20666,911,412.45000000000005,0.9891674431284839,C
23415,328,412.18,0.9891883963770345,C
21520,957,411.63,0.9892093216662305,C
84884a,49,410.89,0.9892302093373863,C
20857,249,410.84999999999997,0.9892510949751344,C
21341,72,410.64,0.9892719699374927,C
90149,62,410.26000000000005,0.9892928255824788,C
37444B,2010,409.6,0.9893136476762396,C
16169F,975,409.5,0.9893344646864813,C
84595B,230,408.9,0.9893552511956092,C
21252,168,408.66,0.9893760255042915,C
72803B,92,407.88,0.9893967601615257,C
84984D,159,404.90999999999997,0.9894173438382461,C
72801E,769,404.75,0.9894379193813361,C
84968e,16,404.13,0.9894584634066084,C
82076,290,403.64,0.9894789825226377,C
90206C,80,402.61,0.9894994492784214,C
84510C,274,401.59,0.9895198641823114,C
84932B,189,401.3,0.9895402643439966,C
84984C,232,401.16,0.989560657388755,C
23339,173,400.84000000000003,0.9895810341662526,C
23576,198,400.03999999999996,0.9896013702755985,C
23429,47,400.01,0.9896217048598888,C
23039,199,399.71,0.9896420241936219,C
85007,143,399.62,0.9896623389521881,C
21698,530,399.01,0.9896826227012885,C
16156L,950,399.0,0.9897029059420369,C
20889,657,398.04,0.989723140381003,C
D,196,397.89,0.9897433671946907,C
79191B,479,397.37,0.9897635675740797,C
85167A,176,396.8,0.9897837389774105,C
90180A,44,396.64,0.9898039022471108,C
84804A,218,396.38000000000005,0.9898240522996617,C
21025,300,396.12,0.9898441891350634,C
90120A,93,395.68,0.9898643036029816,C
84726,233,394.85,0.9898843758776922,C
84873A,32,394.15,0.9899044125677697,C
21736,193,393.69,0.9899244258736601,C
22869,167,393.63,0.989944436129439,C
23661,219,393.59000000000003,0.9899644443518103,C
84952A,148,392.53,0.9899843986888806,C
90201D,133,391.37,0.9900042940571304,C
84673B,503,391.31,0.9900241863752689,C
90124B,39,391.18,0.9900440720848327,C
84711A,42,390.95,0.9900639461023027,C
23150,148,390.75,0.9900838099527349,C
47562,104,390.0,0.9901036356767747,C
84802B,411,389.79,0.9901234507254246,C
84081,100,389.3,0.9901432408648315,C
16044,6193,389.22,0.9901630269374232,C
23337,180,388.75,0.9901827891174756,C
84497,97,387.13,0.9902024689445205,C
90208,159,386.83000000000004,0.9902221335210084,C
90158,77,386.32,0.9902417721715495,C
84292,44,385.98,0.9902613935381263,C
90070,63,385.15000000000003,0.9902809727114952,C
90201A,130,382.84000000000003,0.9903004344555757,C
23116,76,382.44,0.9903198758655802,C
90035B,43,380.89,0.9903392384810406,C
90184A,42,380.82,0.9903585975380376,C
79051A,938,380.34,0.9903779321941435,C
20670,694,378.85,0.9903971911058166,C
84533B,59,377.93,0.990416403249115,C
20976,549,376.34000000000003,0.9904355345644614,C
85033G,236,376.05,0.9904546511376029,C
16258A,1063,375.93,0.9904737616105215,C
84680,94,372.3,0.9904926875517011,C
84741C,185,372.14,0.9905116053592502,C
84877D,160,371.84999999999997,0.9905305084245944,C
84429A,109,371.78000000000003,0.9905494079314753,C
16216,4158,371.64,0.9905683003214295,C
90134,126,370.92,0.9905871561100471,C
78033,76,370.6,0.9906059956314041,C
79336,840,369.78000000000003,0.9906247934679052,C
20663,1074,369.41,0.990643572495386,C
90082B,58,368.3,0.9906622950958063,C
20906,101,368.24,0.9906810146461149,C
22870,155,367.96999999999997,0.9906997204709224,C
85026B,300,367.55,0.9907184049449501,C
47503G,284,367.36,0.9907370797602918,C
23575,179,367.34999999999997,0.9907557540672817,C
47504G,266,366.81,0.9907744009232688,C
35915A,288,365.76,0.9907929944023068,C
90002D,104,365.74,0.9908115868646409,C
84926D,773,365.34999999999997,0.9908301595012511,C
79190A,790,364.25,0.9908486762191523,C
35968,761,363.34000000000003,0.9908671466770308,C
90164B,67,362.94,0.9908855968008334,C
90160A,52,362.51,0.9909040250655045,C
85094,760,360.99,0.9909223760606868,C
84760S,222,360.21,0.9909406874044211,C
21946,625,358.96999999999997,0.9909589357125199,C
84402D,373,358.93,0.9909771819872112,C
90036E,45,358.87,0.9909954252117911,C
23579,169,358.75,0.9910136623361482,C
84711B,39,357.71,0.9910318465919079,C
35912B,288,355.58000000000004,0.9910499225687132,C
21038,166,355.48,0.9910679934619995,C
20799,200,355.33,0.9910860567300073,C
72487,827,355.05,0.991104105764162,C
90019A,68,354.59000000000003,0.9911221314141293,C
90082A,55,353.71,0.9911401123291297,C
90013C,88,353.55,0.9911580851104996,C
20950,687,353.39,0.9911760497582391,C
22039,850,353.0,0.9911939945802547,C
84898F,165,352.75,0.9912119266934727,C
46000R,243,352.34999999999997,0.9912298384726149,C
84809B,296,351.6,0.9912477121253647,C
23420,164,351.37,0.9912655740860208,C
90201C,119,350.94000000000005,0.9912834141875453,C
90161A,70,349.96,0.9913012044705837,C
23421,160,349.2,0.9913189561188777,C
82011B,93,348.8,0.9913366874330959,C
84249D,823,347.3,0.9913543424945294,C
84535A,607,346.93,0.9913719787469424,C
22257,419,345.48,0.9913895412883303,C
84801B,214,345.0,0.9914070794288271,C
90148,27,343.98,0.9914245657174302,C
35004c,27,343.72,0.9914420387888838,C
84881,52,342.94,0.9914594722088895,C
21306,681,342.8,0.9914768985119686,C
20940,118,342.75,0.9914943222732883,C
90191,40,342.6,0.9915117384093295,C
35833P,185,342.17,0.991529132686239,C
72811,445,340.45,0.9915464395266219,C
75149N,272,340.0,0.9915637234911694,C
79303B,109,339.57,0.9915809855965853,C
84925A,179,339.29,0.991598233468148,C
23015,40,338.38,0.9916154350796879,C
84576,96,337.04,0.9916325685720734,C
35914,243,336.58,0.9916496786802715,C
17011F,385,336.2,0.9916667694710976,C
20847,80,334.35,0.9916837662168225,C
90014B,34,333.71,0.991700730428026,C
17109A,709,333.61,0.9917176895557104,C
23047,58,333.5,0.9917346430915238,C
21402,1698,333.42,0.9917515925605223,C
90175C,37,332.95,0.9917685181369813,C
20688,464,332.9,0.9917854411716809,C
47583B,27,332.6,0.9918023489558235,C
21420,120,332.16,0.9918192343724826,C
35637C,100,331.14,0.9918360679372482,C
85024B,218,330.90000000000003,0.991852889301568,C
84870C,93,330.36,0.9918696832148854,C
35921,183,330.32,0.9918864750947952,C
22878,128,330.26,0.9919032639245937,C
90129B,146,329.95,0.9919200369954833,C
37467,273,328.51,0.9919367368636994,C
72739B,394,328.39,0.991953430631693,C
21722,347,327.75,0.9919700918651648,C
22889,196,327.12,0.9919867210724672,C
84902,84,326.33,0.9920033101199693,C
84706A,137,325.88,0.9920198762916362,C
21309,49,325.6,0.99203642822945,C
90209A,173,325.5,0.9920529750837448,C
23037,196,325.16,0.992069504654075,C
23478,285,324.40000000000003,0.9920859955896608,C
84509E,161,323.36,0.9921024336566493,C
90175B,36,322.85,0.9921188457976909,C
84870B,90,322.61,0.992135245738287,C
90197B,64,322.52,0.992151641103716,C
90178A,27,322.40999999999997,0.9921680308772741,C
85131C,439,320.15,0.9921843057633032,C
85070,3,320.0,0.9922005730240537,C
84795b,19,317.71999999999997,0.9922167243805714,C
85089,99,317.54,0.992232866586755,C
85033S,258,317.34999999999997,0.9922489991342526,C
84933C,136,317.0,0.9922651138894336,C
90018A,75,316.99,0.9922812281362627,C
17091B,276,316.98,0.99229734187474,C
21401,1437,315.7,0.9923133905441742,C
85129B,233,315.11,0.9923294092208464,C
84673A,500,314.84,0.9923454141720174,C
84933A,131,314.34999999999997,0.9923613942139454,C
90000D,51,313.75,0.9923773437547595,C
46000U,251,313.75,0.9923932932955736,C
35638B,118,313.28999999999996,0.9924092194522003,C
23695,741,313.24,0.9924251430670674,C
84802A,185,312.65000000000003,0.9924410366891725,C
84838,50,312.5,0.9924569226859993,C
90016B,37,312.14,0.9924727903821577,C
84522,186,311.86,0.992488643844463,C
22872,136,311.3,0.992504468839062,C
35979,94,311.03000000000003,0.9925202801081596,C
62095B,292,310.83,0.9925360812102193,C
84623,56,310.44,0.992551862486555,C
84933B,136,309.15,0.9925675781854957,C
84661A,222,308.99,0.992583285750806,C
20795,135,308.7,0.9925989785739113,C
77081,242,308.38,0.9926146551297559,C
84906,66,307.47,0.9926302854255776,C
21196,178,306.89,0.9926458862369893,C
84671B,109,306.77,0.9926614809481783,C
47593A,303,306.67,0.9926770705758483,C
23495,225,306.66,0.9926926596951664,C
90173,81,306.64,0.9927082477977807,C
72130,753,306.35,0.99272382115819,C
16254,941,305.66,0.9927393594423182,C
20800,1005,303.96,0.9927548113066237,C
84219,137,303.86,0.9927702580874102,C
44235,816,303.84,0.9927857038514929,C
72753D,144,302.40000000000003,0.992801076412902,C
90036D,38,302.29,0.9928164433824405,C
85147,61,301.95,0.9928317930680143,C
23430,36,301.88,0.9928471391951248,C
35645,61,301.81,0.9928624817637721,C
21321,122,301.8,0.9928778238240675,C
90098,137,301.28,0.9928931394500643,C
90035C,28,301.0,0.9929084408422078,C
23440,164,299.36,0.99292365886464,C
17001,1211,299.34999999999997,0.9929388763787204,C
90124A,30,299.28,0.9929540903343373,C
18096C,117,298.7,0.9929692748055442,C
35981C,589,297.62,0.9929844043747461,C
84627,50,297.5,0.9929995278437251,C
84247N,113,297.48,0.9930146502960004,C
17012E,263,296.78999999999996,0.9930297376719948,C
79190D,641,296.58,0.9930448143725991,C
35920,1070,296.34,0.9930598788727578,C
47471,428,295.72,0.993074911855099,C
DCGSSGIRL,92,295.63,0.9930899402622729,C
90129A,151,295.38,0.9931049559606495,C
20869,529,295.12,0.9931199584418768,C
21697,372,295.08000000000004,0.9931349588896964,C
22954,238,293.89,0.9931498988436401,C
90185D,69,293.33,0.9931648103298774,C
84926A,664,293.08,0.9931797091073172,C
84482,75,293.02,0.9931946048346458,C
72801F,234,292.5,0.9932094741276757,C
90030B,139,292.08000000000004,0.9932243220699256,C
37422,434,292.08,0.9932391700121757,C
84800S,388,292.03999999999996,0.9932540159210181,C
23567,211,291.58,0.9932688384456733,C
21030,239,290.9,0.9932836264023992,C
84529A,50,290.78,0.9932984082589026,C
20826,355,290.72,0.9933131870652945,C
16202A,662,290.45,0.9933279521461851,C
21388,311,290.16999999999996,0.9933427029932227,C
23410,36,290.1,0.993357450281797,C
84882,66,289.43,0.9933721635107939,C
22871,127,289.39,0.9933868747063834,C
72812,105,288.46,0.9934015386252463,C
20987,131,288.35,0.9934161969522384,C
21144,543,287.47,0.9934308105442632,C
16212,366,287.01,0.9934454007521009,C
20821,42,286.42,0.9934599609671766,C
90014C,29,284.67999999999995,0.9934744327290218,C
37413,703,284.49,0.993488894832181,C
90185B,67,284.43,0.9935033538852287,C
82093,139,283.49,0.9935177651531979,C
20980,233,282.31,0.9935321164356432,C
85049g,115,281.44,0.9935464234914734,C
84977,223,281.33,0.9935607249554326,C
16052,848,281.32,0.99357502591104,C
23481,228,281.17,0.993589319241369,C
90163A,37,280.71,0.9936035891875106,C
47578A,307,279.88,0.9936178169404445,C
84508C,103,279.82,0.9936320416432671,C
72739C,326,279.08,0.9936462287280491,C
84625B,180,279.0,0.993660411746016,C
21412,275,279.0,0.9936745947639829,C
90115,108,278.96,0.9936887757485423,C
84457,291,278.72999999999996,0.993702945041008,C
21367,211,278.47999999999996,0.9937171016246762,C
84926F,484,277.9,0.9937312287239343,C
90146,41,276.49,0.9937452841455746,C
84966C,23,276.0,0.993759314657972,C
DCGS0076,17,275.96,0.9937733431369619,C
23137,83,275.62,0.9937873543319871,C
90085,311,275.53,0.9938013609518453,C
21095,295,274.57,0.9938153187699212,C
84924F,975,274.55,0.9938292755712934,C
21193,111,274.37,0.9938432232223314,C
75178,497,273.93,0.9938571485058858,C
90122A,55,273.89,0.9938710717560326,C
84927F,335,273.32,0.9938849660301212,C
23141,79,272.91,0.993898839461782,C
84924D,764,272.61,0.9939126976428858,C
35096A,765,272.45,0.9939265476903592,C
79303D,78,272.45,0.9939403977378326,C
84499,326,272.16999999999996,0.993954233551453,C
22874,126,272.02,0.9939680617397948,C
90185C,64,271.96,0.9939818868780252,C
90032,48,271.88,0.9939957079494404,C
22877,128,271.64,0.99400951682041,C
84192,226,271.1,0.9940232982403773,C
23474,312,270.96000000000004,0.9940370725434179,C
47586A,200,270.43,0.9940508199038078,C
22868,124,270.38,0.9940645647224382,C
47351B,98,269.90000000000003,0.9940782851401775,C
47591A,163,269.53999999999996,0.9940919872572485,C
85195,146,269.44000000000005,0.9941056842908005,C
90122C,54,269.1,0.994119364040388,C
72793,55,268.75,0.9941330259976591,C
20818,87,268.5,0.9941466752461325,C
22875,123,268.34999999999997,0.9941603168693277,C
21372,156,267.01,0.9941738903733685,C
47481,326,265.4,0.9941873820327535,C
23476,205,264.72,0.9942008391242093,C
21950,211,263.63,0.9942142408053083,C
90157,53,263.28000000000003,0.9942276246940909,C
90129E,129,263.14,0.9942410014659468,C
22873,120,262.5,0.9942543457032813,C
84806A,319,261.90999999999997,0.9942676599478538,C
21268,397,261.66,0.9942809614836288,C
79328,594,260.76,0.994294217267733,C
72799D,78,260.67,0.9943074684766702,C
44234,1213,260.39,0.9943207054517541,C
84597B,205,259.37,0.9943338905749444,C
85095,174,259.09,0.9943470614642815,C
84613C,62,258.06,0.994360179993373,C
90035A,24,257.55,0.9943732725965178,C
84520b,110,257.4,0.994386357574384,C
85179C,116,257.15,0.9943994298434526,C
84371,30,257.1,0.994412499570762,C
90040B,71,255.97,0.9944255118543068,C
22882,126,255.07999999999998,0.9944384788945325,C
72801d,103,254.98,0.9944514408512394,C
17038,2559,254.51000000000002,0.9944643789154071,C
85232b,25,254.47,0.994477314946167,C
10123C,650,254.41000000000003,0.9944902479268156,C
84461,99,253.79,0.9945031493896465,C
gift_0001_50,6,253.59,0.9945160406854394,C
21493,272,252.45,0.9945288740291159,C
79338,553,252.29,0.994541699239162,C
22876,118,252.22,0.9945545208907448,C
21032,203,252.16,0.9945673394922163,C
21370,54,251.97,0.9945801484350016,C
23149,99,251.45,0.9945929309434883,C
DCGSSBOY,77,251.35,0.9946057083684561,C
90081C,50,250.47,0.9946184410584566,C
90073,50,250.34,0.9946311671398825,C
20836,224,250.00000000000003,0.9946438759373439,C
21460,113,249.64999999999998,0.9946565669424888,C
90170,150,249.58,0.9946692543891704,C
90087,311,249.55999999999997,0.9946819408191482,C
84030c,32,248.0,0.9946945479462299,C
23465,29,247.63,0.9947071362642913,C
84621,29,247.26,0.9947197057733327,C
90036C,31,246.83,0.9947322534232421,C
82011A,59,246.58,0.9947447883643542,C
47503H,160,246.12,0.994757299921279,C
46307,51,246.03,0.9947698069030368,C
90028,29,244.79,0.994782250849159,C
84993B,551,243.66,0.9947946373515169,C
90096,104,243.60999999999999,0.9948070213121152,C
90129C,107,243.38,0.9948193935806197,C
90119,97,243.07,0.9948317500902155,C
90081A,49,242.8,0.9948440928743101,C
90196A,19,242.25,0.9948564076990501,C
23475,286,242.18,0.9948687189653269,C
35818P,559,242.15,0.9948810287065479,C
90196B,19,241.98,0.9948933298057868,C
23143,30,239.97,0.994905528726294,C
84629,24,237.8,0.9949176173344394,C
82553,114,237.73000000000002,0.9949297023841214,C
90133,47,236.46,0.9949417228731123,C
20891,684,236.33,0.9949537367535284,C
82585,164,235.9,0.9949657287748129,C
90210D,142,235.73000000000002,0.9949777121541152,C
23580,116,234.92,0.9949896543569139,C
20855,142,234.29999999999998,0.9950015650418947,C
84796a,28,234.28,0.9950134747101719,C
84660c,31,233.98,0.995025369127892,C
20736,290,233.5,0.9950372391447209,C
84247K,75,233.48000000000002,0.995049108144846,C
90185A,55,233.29,0.9950609674862851,C
37483,143,232.89,0.9950728064936483,C
84797b,21,232.62,0.9950846317755102,C
23036,184,232.42000000000002,0.9950964468903342,C
16256B,524,232.35,0.9951082584466949,C
35991,402,232.08,0.9951200562775542,C
90210B,102,232.04000000000002,0.9951318520750059,C
23447,158,231.9,0.9951436407555311,C
90181B,25,231.27,0.9951553974098866,C
16202C,97,230.59,0.9951671194963131,C
21226,213,230.55,0.9951788395493321,C
90164A,40,230.39,0.9951905514687206,C
22880,111,230.26999999999998,0.9952022572878864,C
23446,157,230.25,0.9952139620903483,C
37508,89,229.57,0.9952256323248811,C
72781,121,229.5,0.9952372990009507,C
90122B,46,228.99,0.9952489397510734,C
21639,259,228.64999999999998,0.9952605632172316,C
90199B,36,228.61,0.9952721846499821,C
90090,263,227.72,0.9952837608394136,C
35809B,104,227.54,0.995295327878511,C
71028B,494,227.48,0.9953068918674972,C
84705C,162,227.33,0.9953184482312047,C
72750D,110,226.5,0.9953299624017047,C
23003,542,226.2,0.9953414613216478,C
90003D,60,226.17,0.9953529587165353,C
90155,30,226.16,0.9953644556030707,C
84966A,13,225.95,0.9953759418142163,C
90116,106,225.51999999999998,0.9953874061662302,C
21369,133,225.36,0.9953988623846138,C
TEST001,50,225.0,0.9954103003023291,C
84927E,494,224.31,0.9954217031437633,C
35597B,78,224.1,0.9954330953098078,C
90125D,136,223.74,0.9954444691751838,C
17084P,990,222.75,0.9954557927137219,C
17011C,335,221.4,0.9954670476247536,C
21102,82,221.08,0.9954782862685246,C
16258B,1016,221.06,0.9954895238955918,C
17013B,256,221.03,0.9955007599976035,C
72807b,26,220.94000000000003,0.995511991524448,C
35833G,134,220.66,0.9955232088174393,C
62086A,113,220.35,0.9955344103515219,C
90124C,22,220.20999999999998,0.9955456047686778,C
72225D,962,219.45999999999998,0.9955567610594414,C
85168A,22,218.89999999999998,0.9955678888824985,C
90058A,576,218.88,0.9955790156888519,C
22881,112,218.82,0.9955901394450939,C
22884,110,217.26,0.9956011838984399,C
90005A,106,216.87,0.9956122085260617,C
35817P,420,216.7,0.9956232245117012,C
84725,134,216.5,0.9956342303303027,C
35793,108,216.33,0.995645227506922,C
37492A,108,216.07,0.9956562114663919,C
84807,233,215.93,0.9956671883089353,C
90036A,27,215.76000000000002,0.9956781565094964,C
21543,284,215.0,0.9956890860753133,C
84690,27,214.65,0.9956999978488136,C
48179,34,214.47,0.9957109004719796,C
90123A,36,214.07,0.9957217827610699,C
51012C,171,213.75,0.9957326487828995,C
90214A,213,213.65,0.9957435097212098,C
90019C,40,213.38,0.995754356934019,C
16201A,101,213.37,0.9957652036384765,C
21400,1078,213.07,0.9957760350923769,C
22883,109,213.04999999999998,0.9957868655295735,C
84805A,147,212.85,0.9957976857997323,C
85039a,64,212.45,0.9958084857358149,C
84313A,38,212.42,0.9958192841468421,C
84247C,72,212.40000000000003,0.9958300815411651,C
90024B,25,212.24,0.9958408708018579,C
21368,201,212.04,0.9958516498955128,C
84927D,953,211.29,0.9958623908627752,C
22885,112,210.26,0.9958730794697922,C
20827,173,209.36,0.9958837223251382,C
20814,189,208.89000000000001,0.9958943412879451,C
84706F,34,208.3,0.99590493025799,C
47574B,49,208.25,0.9959155166862753,C
90211B,35,208.21,0.9959261010811531,C
90056,19,207.94,0.9959366717505297,C
90016A,29,207.86,0.995947238353091,C
37485,49,207.69,0.9959577963136701,C
90210A,88,207.34,0.9959683364819326,C
90040A,53,207.05,0.9959788619079902,C
47343A,200,206.26,0.9959893471742479,C
17014D,479,204.36,0.9959997358536447,C
90186A,69,203.73000000000002,0.996010092506872,C
35824B,528,203.24,0.9960204242508561,C
20890,605,202.62,0.9960307244770227,C
48103,35,201.73,0.9960409794598702,C
84723,54,201.3,0.9960512125835862,C
72754A,292,201.24,0.9960614426571907,C
20672,138,201.0,0.9960716605303496,C
90144,53,199.45,0.9960817996089643,C
79403,216,199.01999999999998,0.9960919168284473,C
90000A,33,198.98000000000002,0.9961020320145229,C
84797a,18,198.84,0.9961121400836718,C
22330,128,197.89999999999998,0.9961222003677421,C
37471,1405,197.85,0.9961322581100531,C
84855,36,196.70000000000002,0.9961422573918958,C
47504F,527,196.46,0.9961522444732929,C
90029,23,195.14,0.9961621644522394,C
84985B,128,194.95999999999998,0.9961720752808517,C
23697,456,194.58,0.9961819667920917,C
21582,117,193.04999999999998,0.9961917805254915,C
35819B,385,192.3,0.9962015561324988,C
90036F,24,192.17000000000002,0.9962113251309316,C
84899F,121,192.17,0.9962210941293643,C
90003C,51,191.54,0.9962308311016272,C
90178B,16,191.40999999999997,0.9962405614653156,C
72051S,300,190.89,0.9962502653947053,C
37506,32,190.4,0.9962599444148518,C
84255B,65,190.16,0.9962696112345528,C
84926C,138,189.6,0.9962792495865477,C
84803A,112,189.28,0.9962888716712817,C
85128,167,188.95000000000002,0.996298476980403,C
84744,149,188.77,0.9963080731391901,C
84706B,20,188.73,0.9963176672645697,C
90159,38,188.58,0.9963272537646707,C
90130B,64,188.09,0.9963368153555288,C
20837,165,188.07000000000002,0.996346375929683,C
90094,74,187.62,0.9963559136280019,C
85114b,56,186.76,0.9963654076080576,C
90210C,118,186.56,0.996374891421075,C
84893,33,186.35000000000002,0.9963843645587029,C
84452,198,186.16,0.9963938280376445,C
16053,4313,185.73,0.9964032696574546,C
84510a,75,185.7,0.9964127097522089,C
84877A,74,185.66,0.9964221478135556,C
85114a,56,185.64,0.9964315848581986,C
20968,43,185.11,0.9964409949601909,C
35911B,159,184.76,0.9964503872698669,C
23416,132,184.68,0.9964597755127276,C
20957,126,184.61,0.9964691601971248,C
35838A,180,184.4,0.9964785342061323,C
84029D,51,183.98000000000002,0.9964878868643602,C
90125A,149,183.97,0.996497239014236,C
90129F,81,183.26000000000002,0.9965065550711272,C
90086,216,182.79,0.996515847235479,C
21018,213,182.71,0.9965251353330158,C
17090A,173,182.65,0.9965344203804409,C
20796,99,182.16,0.9965436805186233,C
37379B,1122,181.5,0.9965529071055802,C
90214S,184,181.34,0.9965621255589069,C
79144B,350,181.03,0.9965713282533246,C
90065A,26,180.46,0.9965805019716842,C
16043,2145,180.3,0.9965896675564134,C
79144C,306,180.14,0.9965988250075123,C
35818B,408,180.05,0.996607977883444,C
90180B,18,179.88,0.9966171221173934,C
47347B,240,179.88,0.9966262663513428,C
84962,3,179.85000000000002,0.9966354090602365,C
84661C,150,179.75,0.9966445466856113,C
21310,6,179.7,0.9966536817692265,C
17011A,261,179.56,0.9966628097359151,C
84464,82,179.1,0.9966719143184165,C
90063A,21,178.48,0.9966809873831002,C
90013D,46,178.11,0.9966900416387636,C
90000B,29,177.29000000000002,0.9966990542095713,C
21031,144,176.7,0.996708036787617,C
90072,44,176.31,0.9967169995399385,C
82607C,115,175.60999999999999,0.9967259267076273,C
84564,21,175.48000000000002,0.9967348472667414,C
84967A,3,174.9,0.9967437383414454,C
22886,98,174.16,0.9967525917981089,C
75011,181,172.51,0.9967613613767092,C
90123D,29,172.39,0.9967701248550868,C
85185C,58,171.10000000000002,0.9967788227560694,C
21461,82,171.04,0.9967875176069405,C
84706C,84,170.8,0.9967962002573663,C
90063B,20,170.17000000000002,0.9968048508816223,C
17014A,276,170.13,0.9968134994724708,C
85040a,51,169.75,0.996822128745947,C
47570b,8,169.4,0.9968307402271068,C
84531A,191,169.35999999999999,0.996839349674859,C
90166,40,168.94,0.9968479377718316,C
90019B,32,168.62,0.9968565096015434,C
90204,50,168.46,0.9968650732976249,C
85205A,66,168.29999999999998,0.9968736288600759,C
90186B,57,168.26000000000002,0.9968821823891194,C
21087,260,168.08,0.9968907267678285,C
35916C,157,167.55,0.9968992442038872,C
37491C,58,167.52,0.9969077601148901,C
82587,128,166.78,0.9969162384078527,C
90211A,28,166.57000000000002,0.9969247060254253,C
84231,230,166.21,0.9969331553423295,C
90060F,28,166.14000000000001,0.9969416011007706,C
gift_0001_40,5,166.09,0.9969500443174519,C
90214L,176,166.06,0.9969584860090777,C
90003B,44,165.81,0.9969669149919059,C
10123G,2251,165.55999999999997,0.9969753312659366,C
90093,209,165.34,0.9969837363562257,C
23694,376,165.08,0.9969921282293653,C
90018B,39,164.62,0.9970004967183178,C
84531B,194,164.01,0.9970088341978045,C
85024C,99,163.35,0.9970171381260658,C
16202E,82,162.73,0.9970254105365094,C
90039D,43,162.66,0.9970336793884897,C
90214C,165,162.53,0.9970419416318954,C
90162B,55,162.25000000000003,0.9970501896414479,C
20693,33,161.89000000000001,0.9970584193503319,C
90190C,55,161.82,0.9970666455007527,C
90129D,67,161.57000000000002,0.9970748589423761,C
90214J,157,161.47,0.9970830673004805,C
90042A,63,160.79,0.9970912410906557,C
90123C,27,160.75,0.9970994128474234,C
21353,19,160.45,0.9971075693536341,C
22887,92,160.35999999999999,0.9971157212846776,C
84599,15,160.15,0.9971238625403314,C
37479P,170,160.08,0.9971320002375218,C
23305,82,159.9,0.997140128784378,C
81952V,464,159.87,0.9971482558061787,C
37379A,41,159.2,0.9971563487684021,C
16054,1210,159.0,0.9971644315635875,C
85166A,77,158.9,0.9971725092752539,C
90048,31,158.89000000000001,0.9971805864785686,C
22864,378,158.76,0.9971886570733085,C
90214K,154,158.4,0.9971967093673799,C
48175,39,158.04,0.9972047433607831,C
84927A,226,157.61,0.9972127554950546,C
21489,28,157.60000000000002,0.9972207671209744,C
23417,146,157.5,0.997228773663375,C
90059A,94,156.98,0.997236753771477,C
23468,19,156.75,0.9972447221874854,C
72140E,218,156.72,0.9972526890784379,C
17178,133,156.65,0.9972606524109271,C
46138B,71,156.29,0.9972685974427481,C
84228,354,156.07,0.9972765312908273,C
84914A,6,155.7,0.9972844463298862,C
90183A,53,155.65,0.9972923588271856,C
20664,57,155.41,0.9973002591240395,C
72351a,37,154.89,0.9973081329865947,C
90065B,22,154.87,0.9973160058324462,C
90123B,26,154.69,0.9973238695279635,C
23496,112,154.52,0.9973317245814983,C
72801c,62,153.67,0.9973395364251221,C
47369B,54,153.18,0.9973473233595026,C
47518F,903,153.14,0.9973551082604756,C
79192A,114,152.64,0.9973628677438536,C
84622,23,152.6,0.9973706251938241,C
90030C,87,151.3,0.9973783165580478,C
84968a,6,150.82,0.9973859835213803,C
20952,329,150.72,0.9973936454011938,C
84989a,74,150.57,0.9974012996557289,C
79161A,51,150.45000000000002,0.9974089478100411,C
90042C,59,150.20999999999998,0.9974165837639078,C
17108D,355,149.1,0.9974241632907139,C
90040D,41,148.87,0.9974317311254263,C
71496A,244,148.01000000000002,0.9974392552418754,C
35980C,377,147.64,0.9974467605493043,C
84720,35,147.05,0.9974542358639711,C
90040C,41,146.75,0.997461695928081,C
84527,77,146.10999999999999,0.9974691234576692,C
35610B,179,144.07,0.9974764472834703,C
90016C,17,144.07,0.9974837711092714,C
79191D,138,143.87,0.9974910847680345,C
90036B,18,143.1,0.9974983592837016,C
10120,664,142.74,0.9975056154987,C
84874B,86,141.76,0.9975128218952126,C
90202D,48,141.49,0.9975200145662237,C
72740A,65,141.23,0.9975271940200857,C
47590b,13,140.5,0.997534336364259,C
47369A,48,140.4,0.9975414736249132,C
84617,11,140.25,0.997548603260289,C
84765,9,140.23,0.9975557318789612,C
90212B,37,140.07,0.9975628523640029,C
78026,12,139.95,0.9975699667488217,C
90022,37,139.67,0.9975770668997875,C
90199A,22,139.5,0.997584158408771,C
23463,13,139.39999999999998,0.9975912448342353,C
90199D,22,139.28,0.9975983251594771,C
90214E,142,139.28,0.9976054054847189,C
84510c,56,138.85999999999999,0.9976124644591808,C
23304,71,138.45,0.9976195025912149,C
72754B,170,137.54,0.9976264944632263,C
35816P,297,137.43,0.9976334807433667,C
90156,25,137.37,0.9976404639733959,C
84549,75,137.27,0.997647442119906,C
S,3,136.85,0.9976543989156363,C
84709A,23,136.85,0.9976613557113668,C
35824P,324,136.44,0.9976682916646694,C
90151,16,136.17000000000002,0.9976752138924708,C
90024E,16,135.98,0.997682126461586,C
90194,32,135.84,0.9976890319137747,C
90038A,36,135.8,0.9976959353325557,C
90177D,46,135.76000000000002,0.9977028367179293,C
17011D,209,135.7,0.9977097350531913,C
77079,64,135.68,0.9977166323717495,C
85132a,10,135.13,0.9977235017309533,C
90002A,36,135.0,0.9977303644815825,C
72134,339,134.85,0.9977372196069332,C
16020C,160,134.5,0.9977440569399674,C
22879,82,134.4,0.9977508891894826,C
35015,2072,134.08,0.997757705171737,C
84555A,47,133.85000000000002,0.9977645094618979,C
35609A,447,133.23,0.997771282234241,C
46137D,45,132.75,0.997778030605693,C
90190B,45,132.58,0.9977847703351627,C
90137,26,132.52,0.997791507014521,C
45013,48,132.0,0.9977982172595806,C
47592B,67,131.9,0.9978049224211212,C
90023,31,131.74,0.9978116194490314,C
90165B,52,131.65,0.9978183119017745,C
35933,319,131.38,0.9978249906290163,C
90101,52,131.16,0.9978316581725165,C
84656,22,130.9,0.9978383124988672,C
22888,79,130.82999999999998,0.9978449632667546,C
16119,273,130.71,0.9978516079344194,C
84925E,75,130.05,0.9978582190508588,C
20899,44,129.8,0.9978648174585009,C
90099,42,129.69,0.997871410274272,C
90190A,44,129.59,0.9978779980065241,C
10080,315,129.29,0.9978845704882192,C
85160a,8,129.04,0.9978911302611168,C
84858A,53,128.83,0.9978976793586245,C
90181A,14,128.64,0.9979042187974463,C
84251G,472,127.55999999999999,0.9979107033342629,C
90024D,15,127.5,0.9979171848209683,C
84782B,10,127.5,0.9979236663076736,C
85018C,36,127.2,0.9979301325438219,C
16168S,1283,126.83,0.9979365799709499,C
23303,65,126.75,0.9979430233312628,C
81950B,216,126.74,0.9979494661832238,C
84559D,147,126.71,0.9979559075101292,C
84367,74,126.30000000000001,0.9979623279946067,C
82607E,101,126.25,0.9979687459373248,C
gift_0001_10,15,126.21,0.9979751618466352,C
90174,50,126.12,0.9979815731807785,C
90108,109,125.83,0.9979879697727168,C
23578,60,125.72,0.997994360772784,C
90138,24,125.64,0.9980007477060363,C
84558a,21,125.17,0.9980071107467494,C
84614A,17,124.83,0.9980134565034977,C
90002C,33,124.38,0.9980197793844107,C
90162C,42,123.90000000000002,0.9980260778644324,C
90168,42,123.76,0.9980323692275278,C
17191A,33,123.75,0.9980386600822713,C
20816,24,123.6,0.9980449433117362,C
22850,8,123.6,0.9980512265412012,C
23477,92,123.47,0.9980575031620914,C
72133,109,122.63,0.998063737081422,C
21228,97,122.57,0.9980699679506415,C
85190,138,122.46,0.99807619322799,C
79308B,144,122.4,0.998082415455227,C
90205C,78,122.31,0.998088633107297,C
44242B,109,121.53,0.998094811107919,C
79532,97,121.25,0.9981009748746877,C
84199,554,121.08,0.9981071299994742,C
90003E,32,120.31,0.9981132459811645,C
23467,32,120.08,0.998119350270761,C
35916B,132,119.67,0.9981254337179299,C
84886,12,119.39999999999999,0.9981315034395974,C
84288B,61,118.95,0.9981375502854295,C
90018C,28,118.51,0.9981435747637782,C
35607A,554,118.43,0.9981495951753117,C
20887,18,118.39,0.9981556135534374,C
90139,23,118.24000000000001,0.9981616243062847,C
84510E,148,117.77,0.9981676111665928,C
35824C,235,117.05,0.9981735614255642,C
72038P,1050,116.5,0.9981794837251813,C
16206B,96,116.4,0.9981854009412793,C
84751B,38,115.86,0.9981912907063747,C
20896,39,115.05000000000001,0.9981971392949665,C
20848,39,115.05000000000001,0.9982029878835583,C
84462,100,114.86,0.9982088268134639,C
23185,317,114.85,0.9982146652350178,C
20698,47,114.44999999999999,0.9982204833224956,C
23151,61,114.33000000000001,0.9982262953097505,C
90049,20,114.24,0.9982321027218384,C
90030A,79,113.76,0.9982378857330353,C
84705B,84,113.27,0.9982436438349891,C
84249A,252,113.22,0.9982493993951833,C
90179C,19,112.78,0.9982551325878942,C
21089,323,112.54,0.9982608535801594,C
44236,64,112.32000000000001,0.9982665633886828,C
71510,177,112.05,0.9982722594717051,C
35916A,129,112.03999999999999,0.9982779550463754,C
71495B,294,111.57000000000001,0.9982836267285065,C
35966,255,111.34,0.9982892867185439,C
10138,261,111.22,0.9982949406083584,C
84493,1142,111.12,0.998300589414654,C
90103,44,110.85,0.9983062244954486,C
82069,17,109.85,0.9983118087410532,C
85185F,37,109.15,0.9983173574020248,C
84247H,42,109.13000000000001,0.9983229050462925,C
90177C,37,109.03,0.9983284476070414,C
90071,87,108.99,0.9983339881343827,C
20667,40,108.69,0.998339513411167,C
90104,129,108.11,0.9983450092035412,C
72753C,43,107.68,0.9983504831367838,C
90118,42,107.39,0.9983559423278213,C
35840,45,107.13,0.9983613883017094,C
23626,43,107.07000000000001,0.9983668312254862,C
90059D,64,106.74,0.9983722573736503,C
84562B,10,106.59,0.9983776758965359,C
35096B,293,106.49000000000001,0.9983830893359025,C
90165A,42,106.49,0.998388502775269,C
22987,252,105.84,0.9983938831717624,C
84867A,16,105.82000000000001,0.9983992625515518,C
90051,15,105.72,0.9984046368478222,C
35610A,143,105.43,0.9984099964018877,C
84458,124,105.39999999999999,0.9984153544308972,C
17090D,88,105.2,0.998420702292869,C
23574,14,105.0,0.9984260399878028,C
16169D,250,105.0,0.9984313776827366,C
90141A,20,104.95,0.9984367128359108,C
90079,21,104.77,0.9984420388387509,C
21118,69,104.25,0.9984473384072923,C
21337,33,103.53000000000002,0.9984526013744971,C
35910A,53,103.35,0.9984578551913678,C
84679,14,103.3,0.9984631064664788,C
35594,165,103.06,0.9984683455411443,C
84613A,22,102.3,0.9984735459810655,C
90125C,92,101.35,0.9984786981275564,C
72369A,67,101.28999999999999,0.9984838472239358,C
16248B,81,101.25,0.9984889942869077,C
84921,27,101.25,0.9984941413498796,C
85050,48,100.8,0.9984992655370161,C
72821,61,100.65,0.9985043820988739,C
84968d,4,100.37,0.9985094844268788,C
75172,97,100.31,0.9985145837047721,C
78027,6,100.15,0.998519674849035,C
23611,40,99.60000000000001,0.9985247380339438,C
23464,18,99.2,0.9985297808847764,C
21266,23,98.9,0.998534808485052,C
90169,39,98.87,0.9985398345602722,C
84575A,24,98.8,0.998544857077029,C
90163B,13,98.45,0.9985498618014692,C
84705D,22,97.9,0.998554838566555,C
90150,13,97.5,0.998559794997565,C
16161G,975,97.5,0.9985647514285749,C
90067A,33,97.24000000000001,0.9985696946424354,C
20861,46,96.60000000000001,0.9985746053217746,C
20697,40,96.6,0.9985795160011137,C
84465,32,96.51,0.9985844221052859,C
85132b,10,95.83999999999999,0.9985892941498806,C
17084J,456,95.76,0.9985941621276603,C
84559a,57,95.69999999999999,0.9985990270553285,C
72606A,226,94.92,0.9986038523315487,C
90214R,91,93.72999999999999,0.998608617113893,C
90024C,11,93.48,0.9986133691874398,C
90026A,11,93.47,0.9986181207526346,C
90214G,100,93.17999999999999,0.9986228575756244,C
17084A,442,92.82,0.9986275760979458,C
35913B,100,92.39,0.9986322727611358,C
90075,10,92.17999999999999,0.9986369587489357,C
84753A,97,92.16999999999999,0.9986416442283839,C
21343,20,92.0,0.9986463210658496,C
90089,104,91.89999999999999,0.9986509928197964,C
90202C,31,91.46000000000001,0.9986556422062597,C
90177B,31,91.38000000000001,0.9986602875259077,C
90112,84,91.25,0.9986649262369811,C
84437A,106,90.94999999999999,0.9986695496974975,C
90202A,31,90.9,0.9986741706162545,C
90214D,100,90.82,0.9986787874681963,C
84539,55,90.75,0.9986834007616747,C
72783,43,90.30000000000001,0.9986879911793178,C
71406C,210,89.92,0.9986925622795888,C
17013C,213,89.46000000000001,0.9986971099956725,C
79026B,69,89.25,0.9987016470363662,C
47598,138,89.12,0.9987061774684853,C
84388,70,89.03999999999999,0.9987107038337891,C
20660,71,88.75,0.9987152154568879,C
90162A,30,88.5,0.9987197143711892,C
90059E,53,88.31,0.9987242036268045,C
35638A,39,88.04999999999998,0.9987286796652703,C
71495A,225,87.96000000000001,0.9987331511285693,C
84721,20,87.8,0.9987376144582377,C
90092,102,87.50999999999999,0.9987420630457012,C
84891B,11,87.45,0.9987465085830531,C
37462B,170,87.28,0.9987509454784229,C
20835,80,87.02000000000001,0.9987553691566433,C
35822B,229,87.02,0.9987597928348636,C
90088,101,86.69999999999999,0.9987642002458232,C
90039C,23,86.65,0.9987686051150233,C
23614,26,86.58,0.99877300642576,C
84424A,23,86.25,0.9987773909608841,C
35271S,420,85.97,0.9987817612621551,C
90012B,17,85.9,0.9987861280049628,C
90162D,29,85.55000000000001,0.9987904769554541,C
84454,93,85.53,0.9987948248892417,C
85099c,17,85.17,0.9987991545223609,C
35838B,100,85.0,0.9988034755134978,C
90026D,10,85.0,0.9988077965046347,C
90001D,20,84.96000000000001,0.998812115462364,C
17027A,228,84.84,0.9988164283198705,C
84251B,319,84.83999999999999,0.998820741177377,C
46775B,5,84.75,0.9988250494597164,C
16051,941,84.69,0.9988293546919446,C
81952B,254,84.56,0.9988336533155978,C
84450B,139,84.55,0.9988379514308993,C
84251F,341,83.97,0.9988422200617906,C
90141C,16,83.69,0.9988464744588288,C
22016,1,83.33,0.9988507105551986,C
23442,40,83.2,0.9988549400429937,C
90176D,11,82.81,0.9988591497050647,C
84030C,21,82.78,0.9988633578420801,C
90002B,22,82.74,0.9988675639456879,C
90177E,28,82.71000000000001,0.9988717685242401,C
90189A,11,82.64,0.998875969544329,C
90130A,28,82.51,0.9988801639558432,C
90069,11,82.5,0.9988843578590055,C
21699,108,82.44,0.9988885487120565,C
90183B,28,81.92999999999999,0.9988927136391604,C
35610C,94,81.56,0.9988968597572442,C
72779,48,81.12,0.9989009835078445,C
16201B,34,81.1,0.9989051062417411,C
90121B,19,80.75,0.9989092111833211,C
84596I,72,80.62,0.9989133095163265,C
17011E,124,80.60000000000001,0.9989174068326282,C
DCGS0069,5,80.31,0.9989214894067245,C
84415B,24,80.0,0.9989255562219123,C
35265,21,80.0,0.9989296230370999,C
90059F,48,79.87,0.9989336832437129,C
90206A,16,79.6,0.9989377297248246,C
90125B,44,79.57,0.9989417746808807,C
84795E,10,79.5,0.9989458160784734,C
84548,48,79.2,0.9989498422255092,C
90038B,21,79.19,0.9989538678641932,C
90064A,20,79.14,0.9989578909611175,C
90039B,21,78.99,0.9989619064327634,C
90064B,21,78.75,0.9989659097039637,C
35931,156,78.11999999999999,0.9989698809489945,C
84455,85,77.96,0.9989738440603949,C
90214H,83,77.71,0.9989777944629978,C
21450,13,77.35,0.9989817265649324,C
90176C,10,77.0,0.9989856408745506,C
21595,9,76.95,0.9989895526424092,C
84251C,247,76.67999999999999,0.9989934506847665,C
84425A,18,76.6,0.9989973446603088,C
90100,30,76.5,0.999001233552332,C
90214N,78,76.39999999999999,0.9990051173608361,C
90020,6,76.23,0.9990089925273581,C
35815P,168,75.88,0.9990128499015635,C
90176A,10,75.88,0.9990167072757689,C
62043B,54,75.16000000000001,0.9990205280486377,C
16161E,750,75.0,0.9990243406878762,C
37399,143,75.0,0.9990281533271146,C
72802a,9,74.97,0.9990319644412972,C
72807a,9,74.78999999999999,0.9990357664051457,C
84757,5,74.75,0.9990395663355867,C
21267,24,74.6,0.9990433586407492,C
90012A,13,74.38,0.9990471397621699,C
84899E,53,73.93,0.9990508980077552,C
84593,25,73.75,0.9990546471030063,C
15030,254,73.66,0.9990583916230903,C
90130C,25,73.62,0.9990621341097669,C
79331,60,73.60000000000001,0.9990658755797395,C
16151A,52,72.5,0.9990695611310033,C
84447,69,72.42,0.999073242615452,C
90214B,75,72.33,0.9990769195247334,C
84427B,17,72.25,0.9990805923671998,C
90027D,23,72.18,0.9990842616512029,C
84746,23,72.06,0.9990879248349831,C
90031,52,71.9,0.9990915798851329,C
90038C,19,71.46000000000001,0.9990952125677993,C
35937,188,71.44,0.9990988442337619,C
90060D,12,71.4,0.9991024738663169,C
17007B,34,71.4,0.9991061034988717,C
84925C,28,71.39999999999999,0.9991097331314266,C
37509,28,71.39999999999999,0.9991133627639815,C
84415A,27,71.25,0.9991169847712581,C
90037B,28,71.17,0.9991206027117194,C
90179A,12,71.0,0.9991242120101985,C
84803B,42,70.98,0.9991278202919738,C
16256C,169,70.98,0.999131428573749,C
84086B,24,70.80000000000001,0.9991350277051901,C
90187B,21,70.6,0.9991386166695932,C
20958,38,70.5,0.9991422005504774,C
90202B,24,70.49,0.9991457839230096,C
90050,10,70.16,0.9991493505199291,C
90131,10,69.62,0.9991528896658463,C
gift_0001_80,1,69.56,0.9991564257616519,C
72140F,175,69.18,0.9991599425400853,C
90059C,41,68.17999999999999,0.999163408483329,C
71215,177,68.1,0.9991668703597575,C
47420,358,68.02,0.9991703281693708,C
84857A,8,68.0,0.9991737849622803,C
DCGS0004,4,67.94,0.9991772387050785,C
90140,9,67.9,0.9991806904144689,C
90026C,8,67.82,0.9991841380570443,C
90026B,8,67.82,0.9991875856996196,C
20879,57,67.8,0.9991910323254912,C
90002E,18,67.77,0.999194477426307,C
84596e,27,67.77,0.9991979225271228,C
84864A,7,67.71000000000001,0.9992013645778273,C
90078,9,67.64,0.9992048030700685,C
90024F,8,67.61,0.999208240037254,C
47341B,48,67.5,0.9992116714125685,C
84926B,54,67.5,0.9992151027878831,C
47504J,5,67.25,0.9992185214544002,C
90214P,77,66.59,0.999221906569692,C
35819P,95,66.55,0.9992252896515763,C
90037A,26,66.31,0.9992286605330148,C
40002,78,66.3,0.9992320309061017,C
90037C,26,66.08,0.9992353900954466,C
85072,120,66.0,0.9992387452179764,C
79329,100,65.94,0.9992420972903949,C
84340,21,65.76,0.9992454402124792,C
79406,259,65.62,0.999248776017637,C
90179B,11,65.31,0.9992520960638857,C
47016,31,65.10000000000001,0.9992554054347447,C
84705A,14,65.10000000000001,0.9992587148056037,C
90141B,13,64.94,0.9992620160428324,C
90046,13,64.35,0.999265287287299,C
84551,39,64.35,0.9992685585317657,C
90074,7,64.09,0.9992718165590828,C
79534,116,63.800000000000004,0.9992750598441951,C
85018B,15,63.75,0.9992783005875477,C
20791,5,63.75,0.9992815413309003,C
85018A,15,63.75,0.999284782074253,C
20905,10,63.5,0.9992880101088082,C
90205A,38,63.46,0.9992912361099558,C
37491D,26,63.28,0.9992944529607694,C
72709,74,62.89999999999999,0.9992976504942106,C
84529B,13,62.35,0.9993008200682975,C
35607B,312,62.3,0.999303987100625,C
47348A,103,62.01,0.9993071393907473,C
17136A,743,61.78,0.9993102799887761,C
20620,15,61.76,0.999313419570101,C
35817B,143,61.3,0.9993165357672386,C
35973,49,61.25,0.9993196494226166,C
35910B,29,61.07,0.9993227539276606,C
90214I,62,61.0,0.9993258548742411,C
84875A,16,60.0,0.9993289049856319,C
23629,24,59.760000000000005,0.9993319428965771,C
90021,5,59.75,0.9993349802991703,C
90171,47,59.65,0.9993380126182446,C
gift_0001_70,1,59.57,0.9993410408705037,C
84582,14,59.5,0.9993440655642996,C
44241C,70,59.5,0.9993470902580953,C
35654,12,59.400000000000006,0.999350109868372,C
35001B,17,59.330000000000005,0.9993531259201855,C
90011B,20,59.06,0.9993561282464978,C
35909A,20,59.00000000000001,0.9993591275226986,C
81985A,23,58.65,0.999362109006583,C
85023C,23,58.64999999999999,0.9993650904904674,C
90188,23,58.5,0.9993680643490733,C
84226,77,58.31,0.9993710285489932,C
35816B,139,58.07,0.9993739805484675,C
17129C,86,57.98,0.9993769279727748,C
35821B,150,57.0,0.999379825578596,C
72771B,117,56.9,0.9993827181008982,C
90212C,15,56.25,0.999385577580327,C
47344B,54,56.16,0.9993884324845886,C
85023A,22,56.099999999999994,0.9993912843387391,C
90033,22,55.879999999999995,0.9993941250091476,C
85080,113,55.76,0.9993969595793335,C
90182C,19,55.74,0.9993997931328154,C
90177A,19,55.690000000000005,0.999402624144538,C
90214T,57,55.57,0.9994054490560377,C
90001B,13,55.120000000000005,0.9994082510917021,C
85151,44,55.0,0.9994110470271436,C
90135A,11,54.620000000000005,0.999413823645213,C
90142D,11,54.59,0.9994165987382266,C
90043,10,54.510000000000005,0.9994193697644252,C
20820,11,54.45,0.9994221377405123,C
20953,33,54.449999999999996,0.9994249057165994,C
90084,64,54.4,0.9994276711509268,C
46115B,286,54.34,0.999430433535143,C
84559b,32,53.54,0.9994331552512074,C
84660b,7,53.18,0.9994358586666033,C
72798C,28,53.11,0.999438558523536,C
84660a,7,52.699999999999996,0.9994412375380408,C
84845C,42,52.5,0.9994439063855077,C
20870,29,52.2,0.9994465599824176,C
84292B,8,51.8,0.9994491932452516,C
84951b,10,51.26,0.9994517990570833,C
84845D,41,51.25,0.9994544043605628,C
84402B,62,51.14,0.9994570040721715,C
35071,50,51.13999999999999,0.9994596037837803,C
20964,20,51.0,0.9994621963784623,C
84612B,20,51.0,0.9994647889731445,C
84968f,2,50.98,0.9994673805511228,C
84968b,2,50.98,0.9994699721291013,C
85069,3,50.85,0.9994725570985049,C
85035b,6,50.82000000000001,0.9994751405428529,C
85124a,10,50.599999999999994,0.9994777128034592,C
90034,5,50.48,0.9994802789638426,C
72083A,24,50.400000000000006,0.9994828410574107,C
22657,59,50.15,0.9994853904421814,C
90141E,10,50.06,0.999487935251785,C
23603,20,49.800000000000004,0.9994904668442394,C
90052,7,49.58,0.9994929872529519,C
84537B,117,49.14,0.9994954852941809,C
72129,74,49.11,0.9994979818103542,C
37491A,18,48.3,0.9995004371500238,C
35603C,83,48.3,0.9995028924896934,C
90083,52,48.08,0.999505336645621,C
84608,6,47.7,0.9995077614841766,C
21347,8,47.6,0.9995101812392133,C
20895,16,47.20000000000001,0.999512580660174,C
35909B,16,47.2,0.9995149800811347,C
90067B,16,47.120000000000005,0.9995173754352803,C
37462E,107,47.12,0.9995197707894259,C
84227,112,47.04,0.9995221620767561,C
90181C,5,46.93,0.9995245477722156,C
84596f,19,46.89,0.9995269314342675,C
20988,24,46.8,0.9995293105211522,C
84857B,24,46.8,0.9995316896080371,C
90001C,11,46.7,0.9995340636114028,C
90001A,11,46.6,0.9995364325312497,C
37489A,46,46.56,0.9995387994176889,C
16050,151,46.45,0.9995411607122572,C
47341A,29,46.25,0.9995435118397875,C
90128A,31,46.21,0.9995458609339103,C
72024U,220,46.2,0.9995482095196812,C
85081,104,46.17,0.9995505565803964,C
85132c,4,46.099999999999994,0.9995529000826484,C
84626,1,45.95,0.9995552359596217,C
35611B,62,45.76,0.9995575621779091,C
72724,36,45.0,0.9995598497614522,C
16161C,450,45.0,0.9995621373449953,C
23625,9,44.910000000000004,0.9995644203533712,C
90059B,27,44.87,0.9995667013283397,C
21685,3,44.849999999999994,0.9995689812866043,C
90135,9,44.75,0.9995712561613499,C
90197D,9,44.550000000000004,0.9995735208690576,C
72796B,27,44.55,0.9995757855767652,C
90011A,15,44.28,0.9995780365589717,C
84586L,15,44.25000000000001,0.9995802860161224,C
35085E,39,44.25,0.999582535473273,C
90125E,18,44.19,0.9995847818803123,C
35815B,95,43.94,0.9995870155785542,C
17014C,97,43.75,0.99958923961811,C
79063C,235,43.65,0.9995914585741467,C
90042B,17,43.349999999999994,0.9995936622796265,C
18097A,17,43.349999999999994,0.9995958659851064,C
35822P,114,43.32,0.9995980681655305,C
90054,17,43.019999999999996,0.9996002550953977,C
23038,44,42.92,0.999602436941746,C
84993a,51,42.71,0.9996046081127044,C
79066k,26,42.71,0.9996067792836627,C
21596,10,42.64,0.9996089468961576,C
90024A,5,42.5,0.9996111073917261,C
90126C,21,42.1,0.9996132475532187,C
72771C,54,42.08,0.9996153866980073,C
20860,20,42.0,0.9996175217759808,C
15060b,5,41.81,0.9996196471952682,C
90152C,7,41.650000000000006,0.9996217644809252,C
90060C,7,41.65,0.9996238817665822,C
84611B,7,41.65,0.9996259990522391,C
35809a,10,41.54,0.9996281107460253,C
85184B,14,41.300000000000004,0.999630210239366,C
23448,25,41.25,0.9996323071909471,C
37477B,11,41.25,0.9996344041425282,C
90027C,14,41.17,0.9996364970272943,C
18096c,8,41.14,0.9996385883870046,C
21119,3,41.01,0.9996406731381402,C
35644,21,40.95,0.9996427548391643,C
44228,48,40.8,0.9996448289149101,C
84798C,16,40.8,0.9996469029906558,C
47013C,147,40.519999999999996,0.9996489628325483,C
90136,4,40.47,0.9996510201326814,C
90152A,7,40.34,0.9996530708242397,C
20994,47,39.949999999999996,0.999655101690074,C
47013A,141,39.87,0.9996571284890932,C
37468,65,39.81,0.999659152238001,C
79065A,4,39.8,0.9996611754785568,C
82545A,31,38.75,0.9996631453421633,C
47567b,3,38.72,0.9996651136807141,C
35963,101,38.379999999999995,0.9996670647353003,C
90130D,13,38.31,0.9996690122314232,C
90027B,13,38.28,0.9996709582024905,C
90183C,13,38.12,0.9996728960399275,C
47518f,9,37.75,0.9996748150683442,C
90176B,5,37.620000000000005,0.9996767274881863,C
85115B,6,37.620000000000005,0.9996786399080283,C
90039A,10,37.61,0.9996805518195183,C
37112,10,37.5,0.9996824581391376,C
35233,10,37.5,0.9996843644587567,C
79413,30,37.5,0.999686270778376,C
84509b,5,37.3,0.9996881669309573,C
84705F,8,37.2,0.9996900580000195,C
90126A,20,37.14,0.9996919460189704,C
84251J,74,37.04,0.9996938289544022,C
72715,88,36.96,0.999695707823019,C
17014E,95,36.599999999999994,0.9996975683909674,C
90141D,7,36.33,0.9996994152334143,C
90214F,44,36.28,0.999701259534102,C
90037D,14,35.870000000000005,0.9997030829923619,C
37348,14,35.7,0.9997048978086392,C
90060B,6,35.7,0.9997067126249167,C
90132,7,35.63,0.9997085238827309,C
85184c,6,35.35,0.999710320906692,C
90011C,12,35.33,0.9997121169139491,C
90152B,6,35.26,0.9997139093627432,C
79063D,189,35.14,0.9997156957113145,C
84510e,14,35.089999999999996,0.9997174795181261,C
82613b,14,35.04,0.9997192607831782,C
84745B,83,34.86,0.9997210328978963,C
DCGS0058,42,34.82,0.9997228029792067,C
84868B,5,34.75,0.9997245695020538,C
37482p,2,34.7,0.9997263334831414,C
84546,21,34.65,0.9997280949224695,C
90081B,7,34.65,0.9997298563617976,C
35955,135,34.62,0.9997316162760701,C
44265,8,34.0,0.9997333446725248,C
90066A,5,33.75,0.9997350603601821,C
47591b,8,33.6,0.999736768422561,C
84456,37,33.15,0.9997384536091043,C
90076,12,33.0,0.9997401311703692,C
DCGS0003,13,32.589999999999996,0.9997417878892062,C
82613c,13,32.48,0.9997434390161725,C
85079,23,32.25,0.999745078451045,C
90214O,36,31.419999999999998,0.99974667569271,C
23632,15,31.200000000000003,0.9997482617506331,C
44091C,61,30.66,0.9997498203575539,C
21919,6,30.47,0.9997513693057883,C
37489B,38,30.419999999999998,0.9997529157122635,C
84745A,72,30.240000000000002,0.9997544529684044,C
90025F,8,30.23,0.9997559897161935,C
18010,64,30.16,0.9997575229055192,C
37491B,14,30.08,0.9997590520280297,C
47563B,8,30.0,0.999760577083725,C
90176E,4,29.98,0.9997621011227167,C
21767,1,29.95,0.9997636236366525,C
78056,3,29.849999999999998,0.9997651410670695,C
22351,15,29.81,0.9997666564640787,C
84985a,10,29.8,0.9997681713527361,C
35598A,10,29.500000000000004,0.9997696709908366,C
78034B,15,29.25,0.9997711579201396,C
90214V,38,28.98,0.9997726311239413,C
46776f,7,28.91,0.9997741007692797,C
37489D,46,28.86,0.9997755678728587,C
44089C,68,28.56,0.9997770197258806,C
40005B,33,28.05,0.9997784456529558,C
17091F,19,27.71,0.9997798542960664,C
23613,11,27.39,0.9997812466719164,C
23637,11,27.39,0.9997826390477662,C
21097,32,27.2,0.99978402176493,C
84867b,2,27.14,0.9997854014319825,C
90187A,8,27.04,0.9997867760155158,C
23702,4,27.0,0.9997881485656417,C
17013F,62,26.7,0.9997895058652105,C
90027A,9,26.52,0.9997908540144452,C
90025E,7,26.5,0.9997922011469761,C
84876C,7,26.25,0.9997935355707096,C
23636,9,26.19,0.9997948669443317,C
90182A,9,26.16,0.999796196792898,C
37489C,27,26.06,0.9997975215579453,C
85164b,1,26.04,0.9997988453062889,C
90041,7,25.67,0.9998001502456123,C
20954,3,25.590000000000003,0.9998014511181205,C
90142A,5,25.45,0.999802744873702,C
DCGS0070,2,25.44,0.9998040381209318,C
85035a,3,25.410000000000004,0.9998053298431058,C
90214Y,68,25.339999999999996,0.9998066180068164,C
35597D,58,25.28,0.9998079031204158,C
90055,10,25.28,0.9998091882340151,C
90053,10,25.23,0.999810470805855,C
84596b,10,25.099999999999998,0.9998117467691201,C
72801g,10,25.099999999999998,0.9998130227323854,C
90128C,17,25.04,0.999814295645539,C
23620,10,24.900000000000002,0.9998155614417661,C
85034a,3,24.869999999999997,0.9998168257129376,C
84550,15,24.75,0.9998180838838863,C
35633B,130,24.7,0.9998193395130754,C
35596,29,24.65,0.999820592600505,C
10124A,58,24.36,0.9998218309457296,C
84450A,52,24.18,0.9998230601406202,C
37494a,4,24.16,0.9998242883188068,C
84575B,4,23.8,0.9998254981963252,C
90128B,18,23.759999999999998,0.999826706040436,C
17014F,61,23.699999999999996,0.9998279108344353,C
47556b,4,23.64,0.9998291125783233,C
90011E,8,23.61,0.9998303127971555,C
85040b,7,23.519999999999996,0.9998315084408207,C
47552A,12,23.4,0.999832697984263,C
23623,8,23.28,0.9998338814274826,C
90095,8,22.91,0.9998350460616819,C
90025C,6,22.56,0.9998361929035648,C
37477C,6,22.5,0.9998373366953364,C
90189B,3,22.5,0.9998384804871079,C
85225,19,22.5,0.9998396242788794,C
23645,9,22.410000000000004,0.9998407634954839,C
23640,9,22.410000000000004,0.9998419027120883,C
35652,18,21.5,0.99984299566867,C
90214Z,31,21.49,0.9998440881168997,C
84387A,11,21.45,0.9998451785317218,C
21387,25,21.25,0.9998462587795061,C
35591T,17,21.25,0.9998473390272903,C
90128D,13,21.24,0.9998484187667225,C
21594,5,21.06,0.9998494893558206,C
35603B,50,21.0,0.9998505568948074,C
23692,50,21.0,0.9998516244337942,C
DCGS0072,4,20.68,0.99985267570552,C
46776a,5,20.65,0.9998537254521903,C
10002R,4,20.57,0.9998547711320455,C
79172D,24,20.4,0.9998558081699183,C
85232a,2,20.34,0.9998568421576797,C
84536a,25,19.970000000000002,0.9998578573364209,C
90082C,3,19.93,0.9998588704817545,C
23616,8,19.92,0.9998598831187363,C
23646,8,19.92,0.9998608957557181,C
23601,8,19.92,0.9998619083927,C
90127A,14,19.92,0.9998629210296818,C
84570B,4,19.8,0.9998639275664407,C
37488A,31,19.770000000000003,0.9998649325781439,C
37487B,68,19.72,0.9998659350480876,C
44092C,23,19.55,0.9998669288760491,C
20680,6,19.5,0.9998679201622511,C
79062D,52,19.4,0.9998689063649341,C
81950V,32,18.799999999999997,0.9998698620665032,C
84030B,5,18.75,0.9998708152263128,C
90025D,5,18.69,0.9998717653360111,C
84732B,28,18.48,0.9998727047703194,C
72796A,11,18.15,0.9998736274290151,C
84311,11,18.15,0.9998745500877108,C
84986b,6,17.88,0.9998754590209051,C
84614C,3,17.85,0.9998763664290439,C
71050,51,17.849999999999998,0.9998772738371827,C
18097B,7,17.849999999999998,0.9998781812453216,C
72801e,7,17.57,0.9998790744196071,C
90182B,6,17.53,0.9998799655604852,C
23627,7,17.43,0.9998808516178442,C
37482b,1,17.35,0.9998817336083881,C
DCGS0066N,2,17.3,0.9998826130571725,C
84796b,2,17.12,0.9998834833556227,C
DCGS0068,2,17.12,0.9998843536540729,C
84993b,20,16.99,0.9998852173439483,C
21120,1,16.98,0.9998860805254719,C
85035c,2,16.94,0.9998869416735879,C
85036b,2,16.94,0.999887802821704,C
72805,10,16.9,0.9998886619364123,C
47591c,4,16.84,0.9998895180010093,C
72785A,8,16.8,0.9998903720321988,C
21511,40,16.8,0.9998912260633882,C
44089A,40,16.8,0.9998920800945776,C
23644,5,16.65,0.9998929265004884,C
84031b,1,16.63,0.9998937718896955,C
84031a,1,16.63,0.9998946172789026,C
85036a,2,16.58,0.9998954601263502,C
85160b,1,16.13,0.9998962800979624,C
47503J ,1,16.13,0.9998971000695746,C
90102,19,16.11,0.9998979190244829,C
62074B,38,15.96,0.9998987303541129,C
84630,2,15.9,0.9998995386336313,C
35932,37,15.629999999999999,0.9999003331876486,C
84912a,2,15.56,0.9999011241832025,C
21560,4,15.44,0.9999019090785338,C
21853,3,15.399999999999999,0.9999026919404573,C
37481,6,15.3,0.999903469718862,C
84509e,2,15.24,0.9999042444471552,C
85124c,3,15.18,0.999905016125337,C
17174,36,15.120000000000001,0.9999057847534075,C
84206A,79,15.01,0.9999065477896072,C
90068,2,15.0,0.9999073103174548,C
23449,12,15.0,0.9999080728453026,C
21475,1,14.95,0.9999088328313908,C
23621,6,14.940000000000001,0.9999095923091271,C
84509g,2,14.92,0.9999103507701597,C
35650,3,14.850000000000001,0.9999111056727289,C
84567,9,14.85,0.9999118605752982,C
90011D,5,14.75,0.9999126103943484,C
SP1002,5,14.75,0.9999133602133987,C
23634,5,14.55,0.999914099865411,C
90077,5,14.399999999999999,0.9999148318921447,C
10124G,33,14.28,0.9999155578186557,C
84868A,2,13.9,0.9999162644277945,C
21852,2,13.9,0.9999169710369333,C
84406b,2,13.82,0.999917673579257,C
16245A,11,13.75,0.9999183725631173,C
35936,36,13.68,0.9999190679885144,C
84814B,7,13.65,0.9999197618888558,C
35443,16,13.6,0.9999204532474377,C
79342b,1,13.57,0.9999211430809639,C
84867a,1,13.57,0.9999218329144901,C
21525,2,13.5,0.9999225191895531,C
85039b,4,13.44,0.9999232024145046,C
62097B,11,13.370000000000001,0.9999238820809929,C
23639,4,13.32,0.9999245592057217,C
23607,8,13.28,0.9999252342970429,C
85159b,1,13.0,0.9999258951545109,C
35004s,1,13.0,0.9999265560119789,C
16192,3,12.9,0.9999272117859278,C
84989b,10,12.8,0.9999278624763579,C
84247J,10,12.780000000000001,0.9999285121500842,C
20812,5,12.75,0.9999291602987547,C
44092B,15,12.75,0.9999298084474253,C
84648,1,12.75,0.9999304565960958,C
21772,1,12.75,0.9999311047447663,C
72752B,3,12.75,0.9999317528934368,C
85083,5,12.749999999999998,0.9999324010421073,C
85157,1,12.72,0.9999330476657221,C
DCGS0037,1,12.72,0.9999336942893369,C
DCGS0075,1,12.72,0.9999343409129517,C
35004p,1,12.72,0.9999349875365665,C
35751C,31,12.61,0.9999356285683104,C
35918B,10,12.5,0.9999362640081835,C
51012L,10,12.5,0.9999368994480565,C
35597A,10,12.5,0.9999375348879296,C
23635,3,12.48,0.9999381693110989,C
23654,5,12.450000000000001,0.9999388022092124,C
84596g,5,12.399999999999999,0.9999394325655665,C
90000C,2,12.32,0.9999400588551054,C
79149B,29,12.18,0.9999406780277177,C
44242A,14,11.98,0.999941287033292,C
22206,14,11.82,0.9999418879052361,C
85185E,4,11.8,0.9999424877604762,C
85179a,2,11.780000000000001,0.9999430865990127,C
23605,4,11.64,0.9999436783206225,C
23608,4,11.64,0.9999442700422324,C
90025B,3,11.29,0.9999448439715257,C
79070b,1,11.26,0.9999454163757634,C
84743C,9,11.25,0.9999459882716492,C
84366,3,11.25,0.9999465601675349,C
17011B,19,11.100000000000001,0.9999471244381423,C
47590a,1,11.02,0.9999476846419344,C
72785B,9,10.9,0.9999482387455036,C
84732D,15,10.89,0.9999487923407211,C
21496,25,10.5,0.9999493261102145,C
17084G,50,10.5,0.9999498598797079,C
16169G,25,10.5,0.9999503936492012,C
16169A,25,10.5,0.9999509274186946,C
85124b,2,10.23,0.9999514474626867,C
21857,2,10.23,0.9999519675066789,C
21858,2,10.23,0.999952487550671,C
20939,12,10.2,0.9999530060696074,C
85232d,1,10.17,0.9999535230634882,C
90214W,19,10.17,0.999954040057369,C
84661c,2,10.12,0.9999545545094903,C
84661a,2,10.02,0.9999550638780925,C
23624,4,9.96,0.9999555701965834,C
23650,4,9.96,0.9999560765150743,C
23615,4,9.96,0.9999565828335653,C
23619,4,9.96,0.9999570891520562,C
84971s,6,9.959999999999999,0.9999575954705471,C
85049b,4,9.94,0.9999581007723343,C
85231g,6,9.78,0.999958597940491,C
81953P,33,9.57,0.9999590844332579,C
20822,2,9.3,0.9999595572005234,C
72708,44,9.24,0.9999600269176775,C
23441,22,9.24,0.9999604966348316,C
90184c,1,9.15,0.9999609617768186,C
35598C,3,8.850000000000001,0.9999614116682488,C
62097A,3,8.850000000000001,0.999961861559679,C
20882,3,8.850000000000001,0.9999623114511093,C
18098B,3,8.850000000000001,0.9999627613425395,C
71496B,15,8.67,0.9999632020836355,C
21406,1,8.65,0.9999636418080275,C
20739,1,8.65,0.9999640815324197,C
90013E,2,8.57,0.9999645171899967,C
84572,1,8.49,0.9999649487807584,C
90126B,3,8.48,0.9999653798631682,C
72803b,1,8.47,0.9999658104372262,C
84030b,1,8.46,0.9999662405029324,C
84534b,5,8.3,0.9999666624350081,C
23612,5,8.299999999999999,0.9999670843670839,C
85034b,1,8.29,0.9999675057908076,C
72802c,1,8.29,0.9999679272145314,C
84029c,1,7.78,0.9999683227123085,C
44091A,18,7.56,0.9999687070263437,C
90025A,2,7.5,0.9999690882902675,C
82011E,2,7.5,0.9999694695541913,C
20942,6,7.5,0.9999698508181152,C
46037A,6,7.5,0.9999702320820391,C
82613a,3,7.4799999999999995,0.9999706123292591,C
23633,3,7.470000000000001,0.9999709920681271,C
84201B,39,7.41,0.999971368756884,C
90111,7,7.35,0.9999717423955293,C
35001P,2,6.98,0.9999720972251546,C
85230C,24,6.959999999999999,0.9999724510380759,C
85230D,24,6.959999999999999,0.9999728048509973,C
84705b,2,6.86,0.9999731535803996,C
37484,1,6.75,0.999973496717931,C
48173A,1,6.75,0.9999738398554625,C
23604,4,6.640000000000001,0.999974177401123,C
20678,4,6.6,0.9999745129133761,C
20858,4,6.6,0.9999748484256292,C
85231b,4,6.58,0.9999751829211783,C
84536b,8,6.48,0.9999755123332085,C
20884,3,6.300000000000001,0.9999758325949046,C
79140,15,6.3,0.9999761528566007,C
82072,5,6.25,0.9999764705765372,C
20673,5,6.25,0.9999767882964737,C
37408,5,6.25,0.9999771060164102,C
23610,3,6.24,0.9999774232279948,C
85123b,1,6.04,0.9999777302725414,C
79051a,1,6.04,0.999978037317088,C
72751C,1,5.95,0.9999783397864676,C
72751A,1,5.95,0.9999786422558471,C
72751B,1,5.95,0.9999789447252266,C
85077,1,5.95,0.9999792471946062,C
37409,7,5.949999999999999,0.9999795496639857,C
85184d,1,5.91,0.9999798500999578,C
35823P,2,5.9,0.9999801500275778,C
79303A,2,5.9,0.9999804499551977,C
18098A,2,5.9,0.9999807498828178,C
35821P,2,5.9,0.9999810498104378,C
35051B,14,5.88,0.999981348721354,C
85186B,14,5.88,0.9999816476322703,C
23638,2,5.82,0.9999819434930752,C
23617,2,5.82,0.9999822393538801,C
23652,2,5.82,0.999982535214685,C
23630,2,5.48,0.9999828137915254,C
35537,13,5.46,0.9999830913516621,C
21838,1,5.45,0.9999833684034467,C
35751D,28,5.32,0.9999836388466566,C
16215,8,5.2,0.9999839031896438,C
21860,1,5.17,0.9999841660075754,C
21854,1,5.17,0.999984428825507,C
71101A,6,5.1,0.9999846880849753,C
71434B,2,5.1,0.9999849473444435,C
90142C,1,5.09,0.9999852060955599,C
90142B,1,5.09,0.9999854648466762,C
84942,3,5.07,0.9999857225810888,C
72740B,1,5.06,0.9999859798071493,C
DCGS0041,1,5.06,0.9999862370332098,C
20877,12,5.04,0.9999864932425666,C
84596j,2,5.02,0.9999867484352196,C
47593b,6,4.98,0.9999870015944651,C
23649,2,4.98,0.9999872547537105,C
84661b,1,4.96,0.9999875068962522,C
85043,1,4.95,0.9999877585304419,C
37451,1,4.95,0.9999880101646316,C
85232C,1,4.95,0.9999882617988213,C
85049d,2,4.92,0.9999885119079555,C
84971l,2,4.92,0.9999887620170895,C
90214U,13,4.7299999999999995,0.9999890024675375,C
45014,1,4.65,0.9999892388511702,C
81953B,14,4.64,0.9999894747264512,C
79151B,11,4.62,0.9999897095850283,C
37326,2,4.609999999999999,0.9999899439352534,C
72529w,1,4.3,0.9999901625265698,C
21409,1,4.25,0.9999903785761267,C
72752A,1,4.25,0.9999905946256835,C
79157B,5,4.25,0.9999908106752403,C
79157V,5,4.25,0.9999910267247972,C
47594a,1,4.21,0.9999912407409465,C
84255A,2,4.2,0.9999914542487438,C
46776e,1,4.13,0.9999916641980778,C
46776b,1,4.13,0.9999918741474119,C
72084B,2,3.9,0.9999920724046522,C
37432,6,3.9,0.9999922706618924,C
16010,32,3.84,0.9999924658690215,C
35995,5,3.7800000000000002,0.9999926580260391,C
90004A,1,3.75,0.9999928486580011,C
35974,1,3.75,0.999993039289963,C
37438,1,3.75,0.9999932299219249,C
40046C,3,3.75,0.9999934205538868,C
84731,3,3.69,0.9999936081357375,C
35818C,1,3.43,0.9999937825004386,C
21081,4,3.4,0.999993955340084,C
84559d,2,3.38,0.9999941271630256,C
23643,1,3.33,0.9999942964442077,C
20683,1,3.25,0.9999944616585748,C
84985b,1,2.98,0.9999946131474404,C
20885,1,2.95,0.9999947631112505,C
79301,1,2.95,0.9999949130750605,C
23628,1,2.91,0.999995061005463,C
23609,1,2.91,0.9999952089358654,C
23602,1,2.91,0.9999953568662678,C
90183c,1,2.9,0.9999955042883183,C
DCGS0044,1,2.57,0.9999956349347563,C
35999,1,2.55,0.9999957645644904,C
85171,1,2.55,0.9999958941942245,C
47569,1,2.55,0.9999960238239587,C
90091,3,2.55,0.9999961534536929,C
21036,1,2.55,0.9999962830834269,C
20881,3,2.55,0.9999964127131611,C
47556,1,2.55,0.9999965423428953,C
47554,1,2.55,0.9999966719726294,C
17028J,6,2.52,0.9999968000773077,C
21008,1,2.51,0.9999969276736344,C
DCGS0062,1,2.51,0.999997055269961,C
47593a,1,2.51,0.9999971828662876,C
90127B,2,2.5,0.9999973099542622,C
21225,2,2.5,0.9999974370422368,C
21290,2,2.5,0.9999975641302115,C
84596l,1,2.46,0.9999976891847785,C
85049c,1,2.46,0.9999978142393455,C
84510b,1,2.15,0.9999979235350036,C
17061,52,2.08,0.9999980292721984,C
85192S,3,1.9500000000000002,0.9999981284008186,C
84814A,1,1.95,0.9999982275294388,C
35945,1,1.95,0.9999983266580589,C
46138D,1,1.95,0.9999984257866791,C
84206C,10,1.9,0.9999985223735397,C
84201C,10,1.9,0.9999986189604003,C
84206B,9,1.71,0.999998705888575,C
30086C,1,1.7,0.9999987923083977,C
20737,1,1.7,0.9999988787282205,C
35837,2,1.7,0.9999989651480431,C
72754D,1,1.69,0.999999051059514,C
10109,4,1.68,0.9999991364626329,C
85231e,1,1.66,0.9999992208490481,C
21585,1,1.65,0.9999993047271113,C
23664,1,1.65,0.9999993886051745,C
72796C,1,1.65,0.9999994724832376,C
85024A,1,1.65,0.9999995563613008,C
35980B,4,1.52,0.9999996336307894,C
84845A,1,1.25,0.9999996971747767,C
35950,1,1.25,0.999999760718764,C
35976B,1,1.25,0.9999998242627512,C
TEST002,1,1.0,0.9999998750979411,C
20721,1,0.85,0.9999999183078525,C
51014c,1,0.83,0.99999996050106,C
84205C,2,0.38,0.9999999798184321,C
35930,1,0.38,0.9999999991358042,C
PADS,17,0.017,1.0000000000000024,C
