Type,Days for shipping (real),Days for shipment (scheduled),Benefit per order,Sales per customer,Delivery Status,Late_delivery_risk,Category Id,Category Name,Customer City,Customer Country,Customer Segment,Customer State,Department Id,Department Name,Latitude,Longitude,Market,Order City,Order Country,Order Id,Order Item Cardprod Id,Order Item Discount,Order Item Discount Rate,Order Item Product Price,Order Item Profit Ratio,Order Item Quantity,Sales,Order Item Total,Order Profit Per Order,Order Region,Order State,Order Status,Product Card Id,Product Category Id,Product Name,Product Price,Product Status,Shipping Mode,order_date,ship_date,order_month,order_dow,order_year,order_week,order_hour,shipping_delay,discount_amount,unit_price
DEBIT,3,4,91.25,314.6400146,Advance shipping,0,73,Sporting Goods,Caguas,Puerto Rico,Consumer,PR,2,Fitness,18.2514534,-66.03705597,Pacific Asia,Bekasi,Indonesia,77202,1360,13.10999966,0.039999999,327.75,0.289999992,1,327.75,314.6400146,91.25,Southeast Asia,Java Occidental,COMPLETE,1360,73,Smart watch ,327.75,0,Standard Class,2018-01-31 22:56:00,2018-02-03 22:56:00,1,2,2018,5,22,-1,13.10999966,327.75
TRANSFER,5,4,-249.0899963,311.3599854,Late delivery,1,73,Sporting Goods,Caguas,Puerto Rico,Consumer,PR,2,Fitness,18.27945137,-66.0370636,Pacific Asia,Bikaner,India,75939,1360,16.38999939,0.050000001,327.75,-0.800000012,1,327.75,311.3599854,-249.0899963,South Asia,Rajastán,PENDING,1360,73,Smart watch ,327.75,0,Standard Class,2018-01-13 12:27:00,2018-01-18 12:27:00,1,5,2018,2,12,1,16.38999939,327.75
CASH,4,4,-247.7799988,309.7200012,Shipping on time,0,73,Sporting Goods,San Jose,EE. UU.,Consumer,CA,2,Fitness,37.29223251,-121.881279,Pacific Asia,Bikaner,India,75938,1360,18.03000069,0.059999999,327.75,-0.800000012,1,327.75,309.7200012,-247.7799988,South Asia,Rajastán,CLOSED,1360,73,Smart watch ,327.75,0,Standard Class,2018-01-13 12:06:00,2018-01-17 12:06:00,1,5,2018,2,12,0,18.03000069,327.75
DEBIT,3,4,22.86000061,304.8099976,Advance shipping,0,73,Sporting Goods,Los Angeles,EE. UU.,Home Office,CA,2,Fitness,34.12594605,-118.2910156,Pacific Asia,Townsville,Australia,75937,1360,22.94000053,0.07,327.75,0.079999998,1,327.75,304.8099976,22.86000061,Oceania,Queensland,COMPLETE,1360,73,Smart watch ,327.75,0,Standard Class,2018-01-13 11:45:00,2018-01-16 11:45:00,1,5,2018,2,11,-1,22.94000053,327.75
PAYMENT,2,4,134.2100067,298.25,Advance shipping,0,73,Sporting Goods,Caguas,Puerto Rico,Corporate,PR,2,Fitness,18.25376892,-66.03704834,Pacific Asia,Townsville,Australia,75936,1360,29.5,0.090000004,327.75,0.449999988,1,327.75,298.25,134.2100067,Oceania,Queensland,PENDING_PAYMENT,1360,73,Smart watch ,327.75,0,Standard Class,2018-01-13 11:24:00,2018-01-15 11:24:00,1,5,2018,2,11,-2,29.5,327.75
TRANSFER,6,4,18.57999992,294.980011,Shipping canceled,0,73,Sporting Goods,Tonawanda,EE. UU.,Consumer,NY,2,Fitness,43.01396942,-78.87906647,Pacific Asia,Toowoomba,Australia,75935,1360,32.77999878,0.100000001,327.75,0.059999999,1,327.75,294.980011,18.57999992,Oceania,Queensland,CANCELED,1360,73,Smart watch ,327.75,0,Standard Class,2018-01-13 11:03:00,2018-01-19 11:03:00,1,5,2018,2,11,2,32.77999878,327.75
DEBIT,2,1,95.18000031,288.4200134,Late delivery,1,73,Sporting Goods,Caguas,Puerto Rico,Home Office,PR,2,Fitness,18.24253845,-66.03705597,Pacific Asia,Guangzhou,China,75934,1360,39.33000183,0.119999997,327.75,0.330000013,1,327.75,288.4200134,95.18000031,Eastern Asia,Guangdong,COMPLETE,1360,73,Smart watch ,327.75,0,First Class,2018-01-13 10:42:00,2018-01-15 10:42:00,1,5,2018,2,10,1,39.33000183,327.75
TRANSFER,2,1,68.43000031,285.1400146,Late delivery,1,73,Sporting Goods,Miami,EE. UU.,Corporate,FL,2,Fitness,25.92886925,-80.16287231,Pacific Asia,Guangzhou,China,75933,1360,42.61000061,0.129999995,327.75,0.239999995,1,327.75,285.1400146,68.43000031,Eastern Asia,Guangdong,PROCESSING,1360,73,Smart watch ,327.75,0,First Class,2018-01-13 10:21:00,2018-01-15 10:21:00,1,5,2018,2,10,1,42.61000061,327.75
CASH,3,2,133.7200012,278.5899963,Late delivery,1,73,Sporting Goods,Caguas,Puerto Rico,Corporate,PR,2,Fitness,18.23322296,-66.03705597,Pacific Asia,Guangzhou,China,75932,1360,49.15999985,0.150000006,327.75,0.479999989,1,327.75,278.5899963,133.7200012,Eastern Asia,Guangdong,CLOSED,1360,73,Smart watch ,327.75,0,Second Class,2018-01-13 10:00:00,2018-01-16 10:00:00,1,5,2018,2,10,1,49.15999985,327.75
CASH,2,1,132.1499939,275.3099976,Late delivery,1,73,Sporting Goods,San Ramon,EE. UU.,Corporate,CA,2,Fitness,37.77399063,-121.966629,Pacific Asia,Guangzhou,China,75931,1360,52.43999863,0.159999996,327.75,0.479999989,1,327.75,275.3099976,132.1499939,Eastern Asia,Guangdong,CLOSED,1360,73,Smart watch ,327.75,0,First Class,2018-01-13 09:39:00,2018-01-15 09:39:00,1,5,2018,2,9,1,52.43999863,327.75
TRANSFER,6,2,130.5800018,272.0299988,Shipping canceled,0,73,Sporting Goods,Caguas,Puerto Rico,Corporate,PR,2,Fitness,18.28284454,-66.03705597,Pacific Asia,Tokio,Japón,75930,1360,55.72000122,0.170000002,327.75,0.479999989,1,327.75,272.0299988,130.5800018,Eastern Asia,Tokio,SUSPECTED_FRAUD,1360,73,Smart watch ,327.75,0,Second Class,2018-01-13 09:18:00,2018-01-19 09:18:00,1,5,2018,2,9,4,55.72000122,327.75
TRANSFER,5,2,45.68999863,268.7600098,Late delivery,1,73,Sporting Goods,Freeport,EE. UU.,Consumer,NY,2,Fitness,40.65486527,-73.58707428,Pacific Asia,Manado,Indonesia,75929,1360,59.0,0.180000007,327.75,0.170000002,1,327.75,268.7600098,45.68999863,Southeast Asia,Célebes Septentrional,PENDING,1360,73,Smart watch ,327.75,0,Second Class,2018-01-13 08:57:00,2018-01-18 08:57:00,1,5,2018,2,8,3,59.0,327.75
TRANSFER,4,2,21.76000023,262.2000122,Late delivery,1,73,Sporting Goods,Salinas,EE. UU.,Corporate,CA,2,Fitness,36.6763382,-121.656517,Pacific Asia,Manado,Indonesia,75928,1360,65.55000305,0.200000003,327.75,0.079999998,1,327.75,262.2000122,21.76000023,Southeast Asia,Célebes Septentrional,PENDING,1360,73,Smart watch ,327.75,0,Second Class,2018-01-13 08:36:00,2018-01-17 08:36:00,1,5,2018,2,8,2,65.55000305,327.75
DEBIT,2,1,24.57999992,245.8099976,Late delivery,1,73,Sporting Goods,Caguas,Puerto Rico,Corporate,PR,2,Fitness,18.27843857,-66.03705597,Pacific Asia,Sangli,India,75927,1360,81.94000244,0.25,327.75,0.100000001,1,327.75,245.8099976,24.57999992,South Asia,Maharashtra,COMPLETE,1360,73,Smart watch ,327.75,0,First Class,2018-01-13 08:15:00,2018-01-15 08:15:00,1,5,2018,2,8,1,81.94000244,327.75
TRANSFER,2,1,16.38999939,327.75,Late delivery,1,73,Sporting Goods,Peabody,EE. UU.,Corporate,MA,2,Fitness,42.52627564,-70.92703247,Pacific Asia,Sangli,India,75926,1360,0.0,0.0,327.75,0.050000001,1,327.75,327.75,16.38999939,South Asia,Maharashtra,PROCESSING,1360,73,Smart watch ,327.75,0,First Class,2018-01-13 07:54:00,2018-01-15 07:54:00,1,5,2018,2,7,1,0.0,327.75
DEBIT,2,1,-259.5799866,324.4700012,Late delivery,1,73,Sporting Goods,Caguas,Puerto Rico,Corporate,PR,2,Fitness,18.28404999,-66.03705597,Pacific Asia,Sangli,India,75925,1360,3.279999971,0.01,327.75,-0.800000012,1,327.75,324.4700012,-259.5799866,South Asia,Maharashtra,COMPLETE,1360,73,Smart watch ,327.75,0,First Class,2018-01-13 07:33:00,2018-01-15 07:33:00,1,5,2018,2,7,1,3.279999971,327.75
PAYMENT,5,2,-246.3600006,321.2000122,Late delivery,1,73,Sporting Goods,Canovanas,Puerto Rico,Corporate,PR,2,Fitness,18.3957901,-65.87288666,Pacific Asia,Seúl,Corea del Sur,75924,1360,6.559999943,0.02,327.75,-0.769999981,1,327.75,321.2000122,-246.3600006,Eastern Asia,Seúl,PENDING_PAYMENT,1360,73,Smart watch ,327.75,0,Second Class,2018-01-13 07:12:00,2018-01-18 07:12:00,1,5,2018,2,7,3,6.559999943,327.75
CASH,2,1,23.84000015,317.9200134,Late delivery,1,73,Sporting Goods,Paramount,EE. UU.,Corporate,CA,2,Fitness,33.89869309,-118.1745605,Pacific Asia,Jabalpur,India,75923,1360,9.829999924,0.029999999,327.75,0.079999998,1,327.75,317.9200134,23.84000015,South Asia,Madhya Pradesh,CLOSED,1360,73,Smart watch ,327.75,0,First Class,2018-01-13 06:51:00,2018-01-15 06:51:00,1,5,2018,2,6,1,9.829999924,327.75
DEBIT,2,1,102.2600021,314.6400146,Late delivery,1,73,Sporting Goods,Caguas,Puerto Rico,Consumer,PR,2,Fitness,18.233778,-66.0370636,Pacific Asia,Jabalpur,India,75922,1360,13.10999966,0.039999999,327.75,0.330000013,1,327.75,314.6400146,102.2600021,South Asia,Madhya Pradesh,COMPLETE,1360,73,Smart watch ,327.75,0,First Class,2018-01-13 06:30:00,2018-01-15 06:30:00,1,5,2018,2,6,1,13.10999966,327.75
PAYMENT,0,0,87.18000031,311.3599854,Shipping on time,0,73,Sporting Goods,Mount Prospect,EE. UU.,Consumer,IL,2,Fitness,42.04830551,-87.96134186,Pacific Asia,Jabalpur,India,75921,1360,16.38999939,0.050000001,327.75,0.280000001,1,327.75,311.3599854,87.18000031,South Asia,Madhya Pradesh,PENDING_PAYMENT,1360,73,Smart watch ,327.75,0,Same Day,2018-01-13 06:09:00,2018-01-13 18:09:00,1,5,2018,2,6,0,16.38999939,327.75
TRANSFER,0,0,154.8600006,309.7200012,Shipping on time,0,73,Sporting Goods,Long Beach,EE. UU.,Corporate,CA,2,Fitness,33.78245163,-118.1922455,Pacific Asia,Jabalpur,India,75920,1360,18.03000069,0.059999999,327.75,0.5,1,327.75,309.7200012,154.8600006,South Asia,Madhya Pradesh,PROCESSING,1360,73,Smart watch ,327.75,0,Same Day,2018-01-13 05:48:00,2018-01-13 17:48:00,1,5,2018,2,5,0,18.03000069,327.75
TRANSFER,5,4,82.30000305,304.8099976,Late delivery,1,73,Sporting Goods,Caguas,Puerto Rico,Corporate,PR,2,Fitness,18.28337669,-66.03705597,Pacific Asia,Jabalpur,India,75919,1360,22.94000053,0.07,327.75,0.270000011,1,327.75,304.8099976,82.30000305,South Asia,Madhya Pradesh,PENDING,1360,73,Smart watch ,327.75,0,Standard Class,2018-01-13 05:27:00,2018-01-18 05:27:00,1,5,2018,2,5,1,22.94000053,327.75
TRANSFER,4,2,22.37000084,298.25,Late delivery,1,73,Sporting Goods,Rancho Cordova,EE. UU.,Corporate,CA,2,Fitness,38.61177445,-121.2828674,Pacific Asia,Geelong,Australia,75918,1360,29.5,0.090000004,327.75,0.079999998,1,327.75,298.25,22.37000084,Oceania,Victoria,PENDING,1360,73,Smart watch ,327.75,0,Second Class,2018-01-13 05:06:00,2018-01-17 05:06:00,1,5,2018,2,5,2,29.5,327.75
TRANSFER,3,2,17.70000076,294.980011,Shipping canceled,0,73,Sporting Goods,Caguas,Puerto Rico,Corporate,PR,2,Fitness,18.20733643,-66.03705597,Pacific Asia,Geelong,Australia,75917,1360,32.77999878,0.100000001,327.75,0.059999999,1,327.75,294.980011,17.70000076,Oceania,Victoria,CANCELED,1360,73,Smart watch ,327.75,0,Second Class,2018-01-13 04:45:00,2018-01-16 04:45:00,1,5,2018,2,4,1,32.77999878,327.75
TRANSFER,2,2,90.27999878,288.4200134,Shipping canceled,0,73,Sporting Goods,Billings,EE. UU.,Corporate,MT,2,Fitness,45.78831101,-108.5594101,Pacific Asia,Brisbane,Australia,75916,1360,39.33000183,0.119999997,327.75,0.310000002,1,327.75,288.4200134,90.27999878,Oceania,Queensland,SUSPECTED_FRAUD,1360,73,Smart watch ,327.75,0,Second Class,2018-01-13 04:24:00,2018-01-15 04:24:00,1,5,2018,2,4,0,39.33000183,327.75
DEBIT,6,2,131.1699982,285.1400146,Late delivery,1,73,Sporting Goods,Caguas,Puerto Rico,Corporate,PR,2,Fitness,18.26163292,-66.03705597,Pacific Asia,Mandurah,Australia,75915,1360,42.61000061,0.129999995,327.75,0.460000008,1,327.75,285.1400146,131.1699982,Oceania,Australia Occidental,COMPLETE,1360,73,Smart watch ,327.75,0,Second Class,2018-01-13 04:03:00,2018-01-19 04:03:00,1,5,2018,2,4,4,42.61000061,327.75
TRANSFER,5,2,90.54000092,278.5899963,Late delivery,1,73,Sporting Goods,Wilkes Barre,EE. UU.,Consumer,PA,2,Fitness,41.23545456,-75.86985779,Pacific Asia,Mandurah,Australia,75914,1360,49.15999985,0.150000006,327.75,0.330000013,1,327.75,278.5899963,90.54000092,Oceania,Australia Occidental,PENDING,1360,73,Smart watch ,327.75,0,Second Class,2018-01-13 03:42:00,2018-01-18 03:42:00,1,5,2018,2,3,3,49.15999985,327.75
PAYMENT,4,4,82.58999634,275.3099976,Shipping on time,0,73,Sporting Goods,Caguas,Puerto Rico,Corporate,PR,2,Fitness,18.27022362,-66.0370636,Pacific Asia,Guilin,China,75913,1360,52.43999863,0.159999996,327.75,0.300000012,1,327.75,275.3099976,82.58999634,Eastern Asia,Guangxi,PENDING_PAYMENT,1360,73,Smart watch ,327.75,0,Standard Class,2018-01-13 03:21:00,2018-01-17 03:21:00,1,5,2018,2,3,0,52.43999863,327.75
DEBIT,3,4,-17.13999939,272.0299988,Advance shipping,0,73,Sporting Goods,Roseville,EE. UU.,Corporate,MI,2,Fitness,41.86886215,-84.57365418,Pacific Asia,Guilin,China,75912,1360,55.72000122,0.170000002,327.75,-0.059999999,1,327.75,272.0299988,-17.13999939,Eastern Asia,Guangxi,COMPLETE,1360,73,Smart watch ,327.75,0,Standard Class,2018-01-13 03:00:00,2018-01-16 03:00:00,1,5,2018,2,3,-1,55.72000122,327.75
TRANSFER,2,4,23.64999962,268.7600098,Advance shipping,0,73,Sporting Goods,Bellflower,EE. UU.,Consumer,CA,2,Fitness,33.90942383,-118.1253586,Pacific Asia,Guilin,China,75911,1360,59.0,0.180000007,327.75,0.090000004,1,327.75,268.7600098,23.64999962,Eastern Asia,Guangxi,PROCESSING,1360,73,Smart watch ,327.75,0,Standard Class,2018-01-13 02:39:00,2018-01-15 02:39:00,1,5,2018,2,2,-2,59.0,327.75
DEBIT,6,4,73.41999817,262.2000122,Late delivery,1,73,Sporting Goods,Caguas,Puerto Rico,Consumer,PR,2,Fitness,18.27526093,-66.0370636,Pacific Asia,Guilin,China,75910,1360,65.55000305,0.200000003,327.75,0.280000001,1,327.75,262.2000122,73.41999817,Eastern Asia,Guangxi,ON_HOLD,1360,73,Smart watch ,327.75,0,Standard Class,2018-01-13 02:18:00,2018-01-19 02:18:00,1,5,2018,2,2,2,65.55000305,327.75
DEBIT,5,4,113.0699997,245.8099976,Late delivery,1,73,Sporting Goods,Wheaton,EE. UU.,Consumer,IL,2,Fitness,41.86544037,-88.10990143,Pacific Asia,Delhi,India,75909,1360,81.94000244,0.25,327.75,0.460000008,1,327.75,245.8099976,113.0699997,South Asia,Delhi,COMPLETE,1360,73,Smart watch ,327.75,0,Standard Class,2018-01-13 01:57:00,2018-01-18 01:57:00,1,5,2018,2,1,1,81.94000244,327.75
PAYMENT,4,4,24.57999992,327.75,Shipping on time,0,73,Sporting Goods,Caguas,Puerto Rico,Consumer,PR,2,Fitness,18.28713608,-66.03705597,Pacific Asia,Delhi,India,75908,1360,0.0,0.0,327.75,0.079999998,1,327.75,327.75,24.57999992,South Asia,Delhi,PENDING_PAYMENT,1360,73,Smart watch ,327.75,0,Standard Class,2018-01-13 01:36:00,2018-01-17 01:36:00,1,5,2018,2,1,0,0.0,327.75
DEBIT,2,1,-97.33999634,324.4700012,Late delivery,1,73,Sporting Goods,Detroit,EE. UU.,Consumer,MI,2,Fitness,42.39110184,-83.13121796,Pacific Asia,Suzhou,China,75907,1360,3.279999971,0.01,327.75,-0.300000012,1,327.75,324.4700012,-97.33999634,Eastern Asia,Gansu,COMPLETE,1360,73,Smart watch ,327.75,0,First Class,2018-01-13 01:15:00,2018-01-15 01:15:00,1,5,2018,2,1,1,3.279999971,327.75
PAYMENT,2,1,-425.5799866,321.2000122,Late delivery,1,73,Sporting Goods,Dallas,EE. UU.,Consumer,TX,2,Fitness,32.86539459,-96.86858368,Pacific Asia,Suzhou,China,75906,1360,6.559999943,0.02,327.75,-1.330000043,1,327.75,321.2000122,-425.5799866,Eastern Asia,Gansu,PENDING_PAYMENT,1360,73,Smart watch ,327.75,0,First Class,2018-01-13 00:54:00,2018-01-15 00:54:00,1,5,2018,2,0,1,6.559999943,327.75
PAYMENT,2,1,152.6000061,317.9200134,Late delivery,1,73,Sporting Goods,Caguas,Puerto Rico,Corporate,PR,2,Fitness,18.24074173,-66.03705597,Pacific Asia,Singapur,Singapur,75905,1360,9.829999924,0.029999999,327.75,0.479999989,1,327.75,317.9200134,152.6000061,Southeast Asia,Singapur,PENDING_PAYMENT,1360,73,Smart watch ,327.75,0,First Class,2018-01-13 00:33:00,2018-01-15 00:33:00,1,5,2018,2,0,1,9.829999924,327.75
CASH,2,1,151.0299988,314.6400146,Late delivery,1,73,Sporting Goods,Carlisle,EE. UU.,Corporate,PA,2,Fitness,40.03171921,-76.87709808,Pacific Asia,Hubli,India,75904,1360,13.10999966,0.039999999,327.75,0.479999989,1,327.75,314.6400146,151.0299988,South Asia,Karnataka,CLOSED,1360,73,Smart watch ,327.75,0,First Class,2018-01-13 00:12:00,2018-01-15 00:12:00,1,5,2018,2,0,1,13.10999966,327.75
DEBIT,2,1,62.27000046,311.3599854,Late delivery,1,73,Sporting Goods,Dallas,EE. UU.,Corporate,TX,2,Fitness,32.81010819,-96.68649292,Pacific Asia,Wollongong,Australia,75903,1360,16.38999939,0.050000001,327.75,0.200000003,1,327.75,311.3599854,62.27000046,Oceania,Nueva Gales del Sur,COMPLETE,1360,73,Smart watch ,327.75,0,First Class,2018-01-12 23:51:00,2018-01-14 23:51:00,1,4,2018,2,23,1,16.38999939,327.75
DEBIT,1,0,35.0,309.7200012,Late delivery,1,73,Sporting Goods,Caguas,Puerto Rico,Consumer,PR,2,Fitness,18.28604889,-66.03705597,Pacific Asia,Wollongong,Australia,75902,1360,18.03000069,0.059999999,327.75,0.109999999,1,327.75,309.7200012,35.0,Oceania,Nueva Gales del Sur,COMPLETE,1360,73,Smart watch ,327.75,0,Same Day,2018-01-12 23:30:00,2018-01-13 11:30:00,1,4,2018,2,23,1,18.03000069,327.75
TRANSFER,1,0,57.29999924,304.8099976,Shipping canceled,0,73,Sporting Goods,Newark,EE. UU.,Consumer,DE,2,Fitness,39.68188095,-75.64421082,Pacific Asia,Wollongong,Australia,75901,1360,22.94000053,0.07,327.75,0.189999998,1,327.75,304.8099976,57.29999924,Oceania,Nueva Gales del Sur,CANCELED,1360,73,Smart watch ,327.75,0,Same Day,2018-01-12 23:09:00,2018-01-13 11:09:00,1,4,2018,2,23,1,22.94000053,327.75
PAYMENT,1,0,143.1600037,298.25,Late delivery,1,73,Sporting Goods,Panorama City,EE. UU.,Consumer,CA,2,Fitness,34.15893936,-118.1809387,Pacific Asia,Singapur,Singapur,75900,1360,29.5,0.090000004,327.75,0.479999989,1,327.75,298.25,143.1600037,Southeast Asia,Singapur,PENDING_PAYMENT,1360,73,Smart watch ,327.75,0,Same Day,2018-01-12 22:48:00,2018-01-13 10:48:00,1,4,2018,2,22,1,29.5,327.75
DEBIT,1,0,135.6900024,294.980011,Late delivery,1,73,Sporting Goods,Caguas,Puerto Rico,Home Office,PR,2,Fitness,18.28294563,-66.0370636,Pacific Asia,Singapur,Singapur,75899,1360,32.77999878,0.100000001,327.75,0.460000008,1,327.75,294.980011,135.6900024,Southeast Asia,Singapur,COMPLETE,1360,73,Smart watch ,327.75,0,Same Day,2018-01-12 22:27:00,2018-01-13 10:27:00,1,4,2018,2,22,1,32.77999878,327.75
CASH,4,4,132.6699982,288.4200134,Shipping on time,0,73,Sporting Goods,Atlanta,EE. UU.,Home Office,GA,2,Fitness,33.81632614,-84.44550324,Pacific Asia,Medan,Indonesia,75898,1360,39.33000183,0.119999997,327.75,0.460000008,1,327.75,288.4200134,132.6699982,Southeast Asia,Sumatra Septentrional,CLOSED,1360,73,Smart watch ,327.75,0,Standard Class,2018-01-12 22:05:00,2018-01-16 22:05:00,1,4,2018,2,22,0,39.33000183,327.75
PAYMENT,3,4,119.7600021,285.1400146,Advance shipping,0,73,Sporting Goods,Caguas,Puerto Rico,Home Office,PR,2,Fitness,18.24103928,-66.0370636,Pacific Asia,Medan,Indonesia,75897,1360,42.61000061,0.129999995,327.75,0.419999987,1,327.75,285.1400146,119.7600021,Southeast Asia,Sumatra Septentrional,PENDING_PAYMENT,1360,73,Smart watch ,327.75,0,Standard Class,2018-01-12 21:44:00,2018-01-15 21:44:00,1,4,2018,2,21,-1,42.61000061,327.75
DEBIT,2,4,31.47999954,278.5899963,Advance shipping,0,73,Sporting Goods,Fremont,EE. UU.,Consumer,CA,2,Fitness,37.49027634,-121.9271088,Pacific Asia,Canberra,Australia,75896,1360,49.15999985,0.150000006,327.75,0.109999999,1,327.75,278.5899963,31.47999954,Oceania,Territorio de la Capital Australiana,COMPLETE,1360,73,Smart watch ,327.75,0,Standard Class,2018-01-12 21:23:00,2018-01-14 21:23:00,1,4,2018,2,21,-2,49.15999985,327.75
TRANSFER,6,4,86.16999817,275.3099976,Late delivery,1,73,Sporting Goods,Caguas,Puerto Rico,Corporate,PR,2,Fitness,18.26469612,-66.03705597,Pacific Asia,Bangalore,India,75895,1360,52.43999863,0.159999996,327.75,0.310000002,1,327.75,275.3099976,86.16999817,South Asia,Karnataka,PENDING,1360,73,Smart watch ,327.75,0,Standard Class,2018-01-12 21:02:00,2018-01-18 21:02:00,1,4,2018,2,21,2,52.43999863,327.75
TRANSFER,5,2,130.5800018,272.0299988,Late delivery,1,73,Sporting Goods,Rochester,EE. UU.,Corporate,NY,2,Fitness,43.18824005,-77.56706238,Pacific Asia,Bangalore,India,75894,1360,55.72000122,0.170000002,327.75,0.479999989,1,327.75,272.0299988,130.5800018,South Asia,Karnataka,PENDING,1360,73,Smart watch ,327.75,0,Second Class,2018-01-12 20:41:00,2018-01-17 20:41:00,1,4,2018,2,20,3,55.72000122,327.75
TRANSFER,4,4,0.0,268.7600098,Shipping on time,0,73,Sporting Goods,Dallas,EE. UU.,Corporate,TX,2,Fitness,32.753685,-96.86553955,Pacific Asia,Yiwu,China,75893,1360,59.0,0.180000007,327.75,0.0,1,327.75,268.7600098,0.0,Eastern Asia,Zhejiang,PROCESSING,1360,73,Smart watch ,327.75,0,Standard Class,2018-01-12 20:20:00,2018-01-16 20:20:00,1,4,2018,2,20,0,59.0,327.75
PAYMENT,5,2,-30.75,115.1800003,Late delivery,1,17,Cleats,Bayamon,Puerto Rico,Home Office,PR,4,Apparel,18.38011932,-66.18312836,Pacific Asia,Mirzapur,India,28744,365,4.800000191,0.039999999,59.99000168,-0.270000011,2,119.9800034,115.1800003,-30.75,South Asia,Uttar Pradesh,PENDING_PAYMENT,365,17,Perfect Fitness Perfect Rip Deck,59.99000168,0,Second Class,2016-02-24 13:57:00,2016-02-29 13:57:00,2,2,2016,8,13,3,4.800000191,59.99
PAYMENT,2,2,-122.7300034,79.18000031,Shipping on time,0,29,Shop By Sport,Caguas,Puerto Rico,Home Office,PR,5,Golf,18.23557282,-66.3706131,Pacific Asia,Bursa,Turquía,45461,627,0.800000012,0.01,39.99000168,-1.549999952,2,79.98000336,79.18000031,-122.7300034,West Asia,Bursa,PENDING_PAYMENT,627,29,Under Armour Girls' Toddler Spine Surge Runni,39.99000168,0,Second Class,2016-10-25 14:39:00,2016-10-27 14:39:00,10,1,2016,43,14,0,0.800000012,39.99
PAYMENT,6,2,33.59999847,96.0,Late delivery,1,24,Women's Apparel,Caguas,Puerto Rico,Home Office,PR,5,Golf,18.02536774,-66.61303711,Pacific Asia,Murray Bridge,Australia,31115,502,4.0,0.039999999,50.0,0.349999994,2,100.0,96.0,33.59999847,Oceania,Australia del Sur,PENDING_PAYMENT,502,24,Nike Men's Dri-FIT Victory Golf Polo,50.0,0,Second Class,2016-03-30 04:37:00,2016-04-05 04:37:00,3,2,2016,13,4,4,4.0,50.0
PAYMENT,2,2,24.69000053,75.98000336,Shipping on time,0,29,Shop By Sport,Caguas,Puerto Rico,Home Office,PR,5,Golf,18.27383804,-66.37063599,Pacific Asia,Kartal,Turquía,45766,627,4.0,0.050000001,39.99000168,0.330000013,2,79.98000336,75.98000336,24.69000053,West Asia,Estambul,PENDING_PAYMENT,627,29,Under Armour Girls' Toddler Spine Surge Runni,39.99000168,0,Second Class,2016-10-30 01:31:00,2016-11-01 01:31:00,10,6,2016,43,1,0,4.0,39.99
PAYMENT,3,2,9.100000381,91.0,Late delivery,1,24,Women's Apparel,Caguas,Puerto Rico,Home Office,PR,5,Golf,18.2848053,-66.37059021,Pacific Asia,Ulan Bator,Mongolia,47752,502,9.0,0.090000004,50.0,0.100000001,2,100.0,91.0,9.100000381,Eastern Asia,Ulán Bator,PENDING_PAYMENT,502,24,Nike Men's Dri-FIT Victory Golf Polo,50.0,0,Second Class,2016-11-28 01:18:00,2016-12-01 01:18:00,11,0,2016,48,1,1,9.0,50.0
PAYMENT,5,2,-21.75,87.0,Late delivery,1,24,Women's Apparel,Caguas,Puerto Rico,Home Office,PR,5,Golf,18.29496765,-66.37050629,Pacific Asia,Estambul,Turquía,50054,502,13.0,0.129999995,50.0,-0.25,2,100.0,87.0,-21.75,West Asia,Estambul,PENDING_PAYMENT,502,24,Nike Men's Dri-FIT Victory Golf Polo,50.0,0,Second Class,2016-12-31 15:47:00,2017-01-05 15:47:00,12,5,2016,52,15,3,13.0,50.0
PAYMENT,6,2,6.150000095,82.0,Late delivery,1,24,Women's Apparel,Caguas,Puerto Rico,Home Office,PR,5,Golf,18.25571251,-66.37050629,Pacific Asia,Raipur,India,20365,502,18.0,0.180000007,50.0,0.079999998,2,100.0,82.0,6.150000095,South Asia,Rajastán,PENDING_PAYMENT,502,24,Nike Men's Dri-FIT Victory Golf Polo,50.0,0,Second Class,2015-10-25 06:24:00,2015-10-31 06:24:00,10,6,2015,43,6,4,18.0,50.0
PAYMENT,2,2,22.40999985,74.68000031,Shipping on time,0,13,Electronics,Caguas,Puerto Rico,Home Office,PR,3,Footwear,18.23466301,-66.37059784,USCA,Pasco,Estados Unidos,36146,278,15.30000019,0.170000002,44.99000168,0.300000012,2,89.98000336,74.68000031,22.40999985,West of USA ,Washington,PENDING_PAYMENT,278,13,Under Armour Men's Compression EV SL Slide,44.99000168,0,Second Class,2016-06-11 15:12:00,2016-06-13 15:12:00,6,5,2016,23,15,0,15.30000019,44.99
PAYMENT,5,2,25.23999977,90.15000153,Late delivery,1,12,Boxing & MMA,Caguas,Puerto Rico,Home Office,PR,3,Footwear,18.26268196,-66.37049866,USCA,Los Angeles,Estados Unidos,41234,249,19.79000092,0.180000007,54.97000122,0.280000001,2,109.9400024,90.15000153,25.23999977,West of USA ,California,PENDING_PAYMENT,249,12,Under Armour Women's Micro G Skulpt Running S,54.97000122,0,Second Class,2016-08-24 21:45:00,2016-08-29 21:45:00,8,2,2016,34,21,3,19.79000092,54.97
PAYMENT,6,2,30.5699997,117.5800018,Late delivery,1,17,Cleats,Caguas,Puerto Rico,Home Office,PR,4,Apparel,18.28279495,-66.37055969,USCA,San Francisco,Estados Unidos,32090,365,2.400000095,0.02,59.99000168,0.25999999,2,119.9800034,117.5800018,30.5699997,West of USA ,California,PENDING_PAYMENT,365,17,Perfect Fitness Perfect Rip Deck,59.99000168,0,Second Class,2016-04-13 10:12:00,2016-04-19 10:12:00,4,2,2016,15,10,4,2.400000095,59.99
PAYMENT,4,2,46.0699997,95.98000336,Late delivery,1,17,Cleats,Caguas,Puerto Rico,Home Office,PR,4,Apparel,18.27466202,-66.37058258,USCA,Overland Park,Estados Unidos,34773,365,24.0,0.200000003,59.99000168,0.479999989,2,119.9800034,95.98000336,46.0699997,US Center ,Kansas,PENDING_PAYMENT,365,17,Perfect Fitness Perfect Rip Deck,59.99000168,0,Second Class,2016-05-22 14:10:00,2016-05-26 14:10:00,5,6,2016,20,14,2,24.0,59.99
PAYMENT,2,2,-184.7799988,263.9700012,Shipping on time,0,9,Cardio Equipment,Caguas,Puerto Rico,Home Office,PR,3,Footwear,18.2689991,-66.37049866,Africa,Ugep,Nigeria,44046,191,36.0,0.119999997,99.98999786,-0.699999988,3,299.9700012,263.9700012,-184.7799988,West Africa,Cross River,PENDING_PAYMENT,191,9,Nike Men's Free 5.0+ Running Shoe,99.98999786,0,Second Class,2016-10-04 22:55:00,2016-10-06 22:55:00,10,1,2016,40,22,0,36.0,99.99
PAYMENT,5,2,38.75,113.9700012,Late delivery,1,29,Shop By Sport,Caguas,Puerto Rico,Home Office,PR,5,Golf,18.2308178,-66.37052155,Africa,Kinshasa,República Democrática del Congo,46414,627,6.0,0.050000001,39.99000168,0.340000004,3,119.9700012,113.9700012,38.75,Central Africa,Kinshasa,PENDING_PAYMENT,627,29,Under Armour Girls' Toddler Spine Surge Runni,39.99000168,0,Second Class,2016-11-08 12:32:00,2016-11-13 12:32:00,11,1,2016,45,12,3,6.0,39.99
PAYMENT,5,2,-3.650000095,63.99000168,Late delivery,1,41,Trade-In,Caguas,Puerto Rico,Home Office,PR,6,Outdoors,18.26138115,-66.37056732,Africa,Dakar,Senegal,46599,917,1.980000019,0.029999999,21.98999977,-0.059999999,3,65.97000122,63.99000168,-3.650000095,West Africa,Dakar,PENDING_PAYMENT,917,41,Glove It Women's Mod Oval 3-Zip Carry All Gol,21.98999977,0,Second Class,2016-11-11 05:21:00,2016-11-16 05:21:00,11,4,2016,45,5,3,1.980000019,21.99
PAYMENT,5,2,38.22999954,79.66000366,Late delivery,1,37,Electronics,Caguas,Puerto Rico,Home Office,PR,6,Outdoors,18.23650742,-66.37051392,Africa,Casablanca,Marruecos,48434,828,16.30999947,0.170000002,31.98999977,0.479999989,3,95.97000122,79.66000366,38.22999954,North Africa,Gran Casablanca,PENDING_PAYMENT,828,37,Bridgestone e6 Straight Distance NFL San Dieg,31.98999977,0,Second Class,2016-12-08 00:14:00,2016-12-13 00:14:00,12,3,2016,49,0,3,16.30999947,31.99
PAYMENT,3,2,129.3500061,293.9700012,Late delivery,1,9,Cardio Equipment,Caguas,Puerto Rico,Home Office,PR,3,Footwear,18.35921478,-66.07779694,Europe,Dortmund,Alemania,12827,191,6.0,0.02,99.98999786,0.439999998,3,299.9700012,293.9700012,129.3500061,Western Europe,Renania del Norte-Westfalia,PENDING_PAYMENT,191,9,Nike Men's Free 5.0+ Running Shoe,99.98999786,0,Second Class,2015-07-07 05:31:00,2015-07-10 05:31:00,7,1,2015,28,5,1,6.0,99.99
PAYMENT,2,2,132.2899933,269.9700012,Shipping on time,0,9,Cardio Equipment,Caguas,Puerto Rico,Home Office,PR,3,Footwear,18.29944229,-66.37052155,Europe,Drancy,Francia,63936,191,30.0,0.100000001,99.98999786,0.49000001,3,299.9700012,269.9700012,132.2899933,Western Europe,Isla de Francia,PENDING_PAYMENT,191,9,Nike Men's Free 5.0+ Running Shoe,99.98999786,0,Second Class,2017-07-22 07:16:00,2017-07-24 07:16:00,7,5,2017,29,7,0,30.0,99.99
PAYMENT,6,2,76.04000092,224.9799957,Late delivery,1,9,Cardio Equipment,Caguas,Puerto Rico,Home Office,PR,3,Footwear,18.28996849,-66.37054443,Europe,Nantes,Francia,65030,191,74.98999786,0.25,99.98999786,0.340000004,3,299.9700012,224.9799957,76.04000092,Western Europe,Países del Loira,PENDING_PAYMENT,191,9,Nike Men's Free 5.0+ Running Shoe,99.98999786,0,Second Class,2017-08-07 06:33:00,2017-08-13 06:33:00,8,0,2017,32,6,4,74.98999786,99.99
PAYMENT,4,2,81.12999725,176.3699951,Late delivery,1,17,Cleats,Caguas,Puerto Rico,Home Office,PR,4,Apparel,18.2275734,-66.04563141,Europe,Groningen,Países Bajos,18108,365,3.599999905,0.02,59.99000168,0.460000008,3,179.9700012,176.3699951,81.12999725,Western Europe,Groningen,PENDING_PAYMENT,365,17,Perfect Fitness Perfect Rip Deck,59.99000168,0,Second Class,2015-09-22 07:41:00,2015-09-26 07:41:00,9,1,2015,39,7,2,3.599999905,59.99
PAYMENT,2,2,43.52000046,167.3699951,Shipping on time,0,17,Cleats,Caguas,Puerto Rico,Home Office,PR,4,Apparel,18.2988205,-66.37059784,Europe,Gateshead,Reino Unido,62571,365,12.60000038,0.07,59.99000168,0.25999999,3,179.9700012,167.3699951,43.52000046,Northern Europe,Inglaterra,PENDING_PAYMENT,365,17,Perfect Fitness Perfect Rip Deck,59.99000168,0,Second Class,2017-07-02 09:03:00,2017-07-04 09:03:00,7,6,2017,26,9,0,12.60000038,59.99
PAYMENT,3,2,68.77999878,163.7700043,Late delivery,1,17,Cleats,Caguas,Puerto Rico,Home Office,PR,4,Apparel,18.02538109,-66.61508179,Europe,Eastbourne,Reino Unido,17162,365,16.20000076,0.090000004,59.99000168,0.419999987,3,179.9700012,163.7700043,68.77999878,Northern Europe,Inglaterra,PENDING_PAYMENT,365,17,Perfect Fitness Perfect Rip Deck,59.99000168,0,Second Class,2015-09-08 12:15:00,2015-09-11 12:15:00,9,1,2015,37,12,1,16.20000076,59.99
PAYMENT,3,2,40.49000168,161.9700012,Late delivery,1,17,Cleats,Caguas,Puerto Rico,Home Office,PR,4,Apparel,18.25048637,-66.37062836,Europe,Hayange,Francia,65922,365,18.0,0.100000001,59.99000168,0.25,3,179.9700012,161.9700012,40.49000168,Western Europe,Alsacia-Champaña-Ardenas-Lorena,PENDING_PAYMENT,365,17,Perfect Fitness Perfect Rip Deck,59.99000168,0,Second Class,2017-08-20 07:03:00,2017-08-23 07:03:00,8,6,2017,33,7,1,18.0,59.99
PAYMENT,2,2,20.93000031,139.5,Shipping on time,0,24,Women's Apparel,Caguas,Puerto Rico,Home Office,PR,5,Golf,18.29944229,-66.37052155,Europe,Drancy,Francia,63936,502,10.5,0.07,50.0,0.150000006,3,150.0,139.5,20.93000031,Western Europe,Isla de Francia,PENDING_PAYMENT,502,24,Nike Men's Dri-FIT Victory Golf Polo,50.0,0,Second Class,2017-07-22 07:16:00,2017-07-24 07:16:00,7,5,2017,29,7,0,10.5,50.0
PAYMENT,4,2,12.19999981,107.9700012,Late delivery,1,29,Shop By Sport,Caguas,Puerto Rico,Home Office,PR,5,Golf,18.24069786,-66.37055969,Europe,Portsmouth,Reino Unido,64813,627,12.0,0.100000001,39.99000168,0.109999999,3,119.9700012,107.9700012,12.19999981,Northern Europe,Inglaterra,PENDING_PAYMENT,627,29,Under Armour Girls' Toddler Spine Surge Runni,39.99000168,0,Second Class,2017-08-04 02:31:00,2017-08-08 02:31:00,8,4,2017,31,2,2,12.0,39.99
PAYMENT,3,2,12.71000004,112.5,Late delivery,1,24,Women's Apparel,Caguas,Puerto Rico,Home Office,PR,5,Golf,18.26268196,-66.37049866,Europe,Gelsenkirchen,Alemania,67892,502,37.5,0.25,50.0,0.109999999,3,150.0,112.5,12.71000004,Western Europe,Renania del Norte-Westfalia,PENDING_PAYMENT,502,24,Nike Men's Dri-FIT Victory Golf Polo,50.0,0,Second Class,2017-09-18 01:14:00,2017-09-21 01:14:00,9,0,2017,38,1,1,37.5,50.0
PAYMENT,6,2,7.760000229,55.40999985,Late delivery,1,41,Trade-In,Caguas,Puerto Rico,Home Office,PR,6,Outdoors,18.21209908,-66.37050629,Europe,Nice,Francia,12525,917,10.56000042,0.159999996,21.98999977,0.140000001,3,65.97000122,55.40999985,7.760000229,Western Europe,Provenza-Alpes-Costa Azul,PENDING_PAYMENT,917,41,Glove It Women's Mod Oval 3-Zip Carry All Gol,21.98999977,0,Second Class,2015-07-02 19:42:00,2015-07-08 19:42:00,7,3,2015,27,19,4,10.56000042,21.99
PAYMENT,6,2,101.3899994,299.9700012,Late delivery,1,9,Cardio Equipment,Caguas,Puerto Rico,Home Office,PR,3,Footwear,18.23131371,-66.37062836,LATAM,Petapa,Guatemala,5895,191,0.0,0.0,99.98999786,0.340000004,3,299.9700012,299.9700012,101.3899994,Central America,Guatemala,PENDING_PAYMENT,191,9,Nike Men's Free 5.0+ Running Shoe,99.98999786,0,Second Class,2015-03-28 00:55:00,2015-04-03 00:55:00,3,5,2015,13,0,4,0.0,99.99
PAYMENT,5,2,-285.0700073,178.1699982,Late delivery,1,17,Cleats,Caguas,Puerto Rico,Home Office,PR,4,Apparel,18.29652023,-66.04867554,LATAM,Mejicanos,El Salvador,56359,365,1.799999952,0.01,59.99000168,-1.600000024,3,179.9700012,178.1699982,-285.0700073,Central America,San Salvador,PENDING_PAYMENT,365,17,Perfect Fitness Perfect Rip Deck,59.99000168,0,Second Class,2017-04-02 16:43:00,2017-04-07 16:43:00,4,6,2017,13,16,3,1.799999952,59.99
PAYMENT,4,2,42.74000168,170.9700012,Late delivery,1,17,Cleats,Caguas,Puerto Rico,Home Office,PR,4,Apparel,18.28746414,-66.37054443,LATAM,David,Panamá,58613,365,9.0,0.050000001,59.99000168,0.25,3,179.9700012,170.9700012,42.74000168,Central America,Chiriquí,PENDING_PAYMENT,365,17,Perfect Fitness Perfect Rip Deck,59.99000168,0,Second Class,2017-05-05 14:23:00,2017-05-09 14:23:00,5,4,2017,18,14,2,9.0,59.99
PAYMENT,5,2,49.3199997,170.0700073,Late delivery,1,17,Cleats,Caguas,Puerto Rico,Home Office,PR,4,Apparel,18.29108048,-66.37050629,LATAM,Santo Domingo,República Dominicana,7824,365,9.899999619,0.059999999,59.99000168,0.289999992,3,179.9700012,170.0700073,49.3199997,Caribbean,Santo Domingo,PENDING_PAYMENT,365,17,Perfect Fitness Perfect Rip Deck,59.99000168,0,Second Class,2015-04-25 04:44:00,2015-04-30 04:44:00,4,5,2015,17,4,3,9.899999619,59.99
PAYMENT,5,2,80.33999634,167.3699951,Late delivery,1,17,Cleats,Caguas,Puerto Rico,Home Office,PR,4,Apparel,18.24984551,-66.37050629,LATAM,Cabimas,Venezuela,7814,365,12.60000038,0.07,59.99000168,0.479999989,3,179.9700012,167.3699951,80.33999634,South America,Zulia,PENDING_PAYMENT,365,17,Perfect Fitness Perfect Rip Deck,59.99000168,0,Second Class,2015-04-25 01:14:00,2015-04-30 01:14:00,4,5,2015,17,1,3,12.60000038,59.99
PAYMENT,5,2,-26.69000053,163.7700043,Late delivery,1,17,Cleats,Caguas,Puerto Rico,Home Office,PR,4,Apparel,18.24984551,-66.37050629,LATAM,Cabimas,Venezuela,7814,365,16.20000076,0.090000004,59.99000168,-0.159999996,3,179.9700012,163.7700043,-26.69000053,South America,Zulia,PENDING_PAYMENT,365,17,Perfect Fitness Perfect Rip Deck,59.99000168,0,Second Class,2015-04-25 01:14:00,2015-04-30 01:14:00,4,5,2015,17,1,3,16.20000076,59.99
PAYMENT,3,2,-117.3300018,152.9700012,Late delivery,1,17,Cleats,Caguas,Puerto Rico,Home Office,PR,4,Apparel,18.25671768,-66.37062836,LATAM,Santo Domingo,República Dominicana,60807,365,27.0,0.150000006,59.99000168,-0.769999981,3,179.9700012,152.9700012,-117.3300018,Caribbean,Santo Domingo,PENDING_PAYMENT,365,17,Perfect Fitness Perfect Rip Deck,59.99000168,0,Second Class,2017-06-06 15:03:00,2017-06-09 15:03:00,6,1,2017,23,15,1,27.0,59.99
PAYMENT,4,2,47.88000107,152.9700012,Late delivery,1,17,Cleats,Caguas,Puerto Rico,Home Office,PR,4,Apparel,18.24754334,-66.0253067,LATAM,Dos Quebradas,Colombia,53413,365,27.0,0.150000006,59.99000168,0.310000002,3,179.9700012,152.9700012,47.88000107,South America,Risaralda,PENDING_PAYMENT,365,17,Perfect Fitness Perfect Rip Deck,59.99000168,0,Second Class,2017-02-18 16:36:00,2017-02-22 16:36:00,2,5,2017,7,16,2,27.0,59.99
PAYMENT,4,2,72.0,150.0,Late delivery,1,24,Women's Apparel,Caguas,Puerto Rico,Home Office,PR,5,Golf,18.27673721,-66.37055206,LATAM,Ilopango,El Salvador,7888,502,0.0,0.0,50.0,0.479999989,3,150.0,150.0,72.0,Central America,San Salvador,PENDING_PAYMENT,502,24,Nike Men's Dri-FIT Victory Golf Polo,50.0,0,Second Class,2015-04-26 03:10:00,2015-04-30 03:10:00,4,6,2015,17,3,2,0.0,50.0
PAYMENT,4,2,29.94000053,115.1699982,Late delivery,1,29,Shop By Sport,Caguas,Puerto Rico,Home Office,PR,5,Golf,18.2968483,-66.37050629,LATAM,Tegucigalpa,Honduras,6783,627,4.800000191,0.039999999,39.99000168,0.25999999,3,119.9700012,115.1699982,29.94000053,Central America,Francisco Morazán,PENDING_PAYMENT,627,29,Under Armour Girls' Toddler Spine Surge Runni,39.99000168,0,Second Class,2015-04-10 00:02:00,2015-04-14 00:02:00,4,4,2015,15,0,2,4.800000191,39.99
PAYMENT,4,2,23.46999931,144.0,Late delivery,1,24,Women's Apparel,Caguas,Puerto Rico,Home Office,PR,5,Golf,18.29609299,-66.37050629,LATAM,Juazeiro,Brasil,56973,502,6.0,0.039999999,50.0,0.159999996,3,150.0,144.0,23.46999931,South America,Bahía,PENDING_PAYMENT,502,24,Nike Men's Dri-FIT Victory Golf Polo,50.0,0,Second Class,2017-04-11 15:49:00,2017-04-15 15:49:00,4,1,2017,15,15,2,6.0,50.0
PAYMENT,5,2,68.40000153,142.5,Late delivery,1,24,Women's Apparel,Caguas,Puerto Rico,Home Office,PR,5,Golf,18.29108048,-66.37050629,LATAM,Santo Domingo,República Dominicana,7824,502,7.5,0.050000001,50.0,0.479999989,3,150.0,142.5,68.40000153,Caribbean,Santo Domingo,PENDING_PAYMENT,502,24,Nike Men's Dri-FIT Victory Golf Polo,50.0,0,Second Class,2015-04-25 04:44:00,2015-04-30 04:44:00,4,5,2015,17,4,3,7.5,50.0
PAYMENT,6,2,43.65999985,139.5,Late delivery,1,24,Women's Apparel,Caguas,Puerto Rico,Home Office,PR,5,Golf,18.2105732,-66.37058258,LATAM,Mexico City,México,55155,502,10.5,0.07,50.0,0.310000002,3,150.0,139.5,43.65999985,Central America,Distrito Federal,PENDING_PAYMENT,502,24,Nike Men's Dri-FIT Victory Golf Polo,50.0,0,Second Class,2017-03-16 02:54:00,2017-03-22 02:54:00,3,3,2017,11,2,4,10.5,50.0
PAYMENT,2,2,13.19999981,132.0,Shipping on time,0,24,Women's Apparel,Caguas,Puerto Rico,Home Office,PR,5,Golf,18.20111656,-66.37059021,LATAM,Tlaquepaque,México,5991,502,18.0,0.119999997,50.0,0.100000001,3,150.0,132.0,13.19999981,Central America,Jalisco,PENDING_PAYMENT,502,24,Nike Men's Dri-FIT Victory Golf Polo,50.0,0,Second Class,2015-03-29 10:33:00,2015-03-31 10:33:00,3,6,2015,13,10,0,18.0,50.0
PAYMENT,4,2,46.20000076,132.0,Late delivery,1,24,Women's Apparel,Caguas,Puerto Rico,Home Office,PR,5,Golf,18.21469116,-66.37051392,LATAM,Puebla,México,2263,502,18.0,0.119999997,50.0,0.349999994,3,150.0,132.0,46.20000076,Central America,Puebla,PENDING_PAYMENT,502,24,Nike Men's Dri-FIT Victory Golf Polo,50.0,0,Second Class,2015-02-03 00:28:00,2015-02-07 00:28:00,2,1,2015,6,0,2,18.0,50.0
PAYMENT,4,2,10.43999958,130.5,Late delivery,1,24,Women's Apparel,Caguas,Puerto Rico,Home Office,PR,5,Golf,18.21469116,-66.37051392,LATAM,Puebla,México,2263,502,19.5,0.129999995,50.0,0.079999998,3,150.0,130.5,10.43999958,Central America,Puebla,PENDING_PAYMENT,502,24,Nike Men's Dri-FIT Victory Golf Polo,50.0,0,Second Class,2015-02-03 00:28:00,2015-02-07 00:28:00,2,1,2015,6,0,2,19.5,50.0
PAYMENT,4,2,15.56000042,124.5,Late delivery,1,24,Women's Apparel,Caguas,Puerto Rico,Home Office,PR,5,Golf,18.28425598,-66.37058258,LATAM,Mexico City,México,53403,502,25.5,0.170000002,50.0,0.129999995,3,150.0,124.5,15.56000042,Central America,Distrito Federal,PENDING_PAYMENT,502,24,Nike Men's Dri-FIT Victory Golf Polo,50.0,0,Second Class,2017-02-18 13:05:00,2017-02-22 13:05:00,2,5,2017,7,13,2,25.5,50.0
PAYMENT,4,2,32.86000061,99.58000183,Late delivery,1,29,Shop By Sport,Caguas,Puerto Rico,Home Office,PR,5,Golf,18.20666885,-66.37056732,LATAM,São Paulo,Brasil,51298,627,20.38999939,0.170000002,39.99000168,0.330000013,3,119.9700012,99.58000183,32.86000061,South America,São Paulo,PENDING_PAYMENT,627,29,Under Armour Girls' Toddler Spine Surge Runni,39.99000168,0,Second Class,2017-01-18 19:37:00,2017-01-22 19:37:00,1,2,2017,3,19,2,20.38999939,39.99
TRANSFER,5,4,9.600000381,240.0,Late delivery,1,24,Women's Apparel,Caguas,Puerto Rico,Consumer,PR,5,Golf,18.35907555,-66.07783508,LATAM,Montevideo,Uruguay,4919,502,10.0,0.039999999,50.0,0.039999999,5,250.0,240.0,9.600000381,South America,Montevideo,PENDING,502,24,Nike Men's Dri-FIT Victory Golf Polo,50.0,0,Standard Class,2015-03-13 18:59:00,2015-03-18 18:59:00,3,4,2015,11,18,1,10.0,50.0
TRANSFER,6,4,55.09000015,189.9499969,Late delivery,1,29,Shop By Sport,Caguas,Puerto Rico,Consumer,PR,5,Golf,18.26378822,-66.37052918,LATAM,Buenos Aires,Argentina,52640,627,10.0,0.050000001,39.99000168,0.289999992,5,199.9499969,189.9499969,55.09000015,South America,Buenos Aires,PENDING,627,29,Under Armour Girls' Toddler Spine Surge Runni,39.99000168,0,Standard Class,2017-02-07 09:47:00,2017-02-13 09:47:00,2,1,2017,6,9,2,10.0,39.99
TRANSFER,4,4,68.58999634,188.9499969,Shipping on time,0,29,Shop By Sport,Caguas,Puerto Rico,Consumer,PR,5,Golf,18.20330429,-66.37052155,LATAM,São Paulo,Brasil,6358,627,11.0,0.059999999,39.99000168,0.360000014,5,199.9499969,188.9499969,68.58999634,South America,São Paulo,PENDING,627,29,Under Armour Girls' Toddler Spine Surge Runni,39.99000168,0,Standard Class,2015-04-03 19:08:00,2015-04-07 19:08:00,4,4,2015,14,19,0,11.0,39.99
TRANSFER,2,4,51.97999954,236.25,Advance shipping,0,24,Women's Apparel,Caguas,Puerto Rico,Consumer,PR,5,Golf,18.22487068,-66.37052155,LATAM,Barueri,Brasil,57106,502,13.75,0.059999999,50.0,0.219999999,5,250.0,236.25,51.97999954,South America,São Paulo,PENDING,502,24,Nike Men's Dri-FIT Victory Golf Polo,50.0,0,Standard Class,2017-04-13 14:25:00,2017-04-15 14:25:00,4,3,2017,15,14,-2,13.75,50.0
TRANSFER,6,4,-23.62999916,236.25,Late delivery,1,24,Women's Apparel,Caguas,Puerto Rico,Consumer,PR,5,Golf,18.25061035,-66.37062836,LATAM,Arapongas,Brasil,6245,502,13.75,0.059999999,50.0,-0.100000001,5,250.0,236.25,-23.62999916,South America,Paraná,PENDING,502,24,Nike Men's Dri-FIT Victory Golf Polo,50.0,0,Standard Class,2015-04-02 03:33:00,2015-04-08 03:33:00,4,3,2015,14,3,2,13.75,50.0
TRANSFER,2,4,66.88999939,136.5,Advance shipping,0,29,Shop By Sport,Caguas,Puerto Rico,Consumer,PR,5,Golf,18.27340317,-66.37052155,LATAM,Camagüey,Cuba,52166,642,13.5,0.090000004,30.0,0.49000001,5,150.0,136.5,66.88999939,Caribbean,Camagüey,PENDING,642,29,Columbia Men's PFG Anchor Tough T-Shirt,30.0,0,Standard Class,2017-01-31 11:43:00,2017-02-02 11:43:00,1,1,2017,5,11,-2,13.5,30.0
TRANSFER,3,4,11.46000004,181.9499969,Advance shipping,0,29,Shop By Sport,Caguas,Puerto Rico,Consumer,PR,5,Golf,18.29137993,-66.3705368,LATAM,Las Tunas,Cuba,56172,627,18.0,0.090000004,39.99000168,0.059999999,5,199.9499969,181.9499969,11.46000004,Caribbean,Las Tunas,PENDING,627,29,Under Armour Girls' Toddler Spine Surge Runni,39.99000168,0,Standard Class,2017-03-30 23:12:00,2017-04-02 23:12:00,3,3,2017,13,23,-1,18.0,39.99
TRANSFER,5,4,22.5,225.0,Late delivery,1,24,Women's Apparel,Caguas,Puerto Rico,Consumer,PR,5,Golf,18.24738884,-66.37057495,LATAM,Santo Domingo,República Dominicana,55829,502,25.0,0.100000001,50.0,0.100000001,5,250.0,225.0,22.5,Caribbean,Santo Domingo,PENDING,502,24,Nike Men's Dri-FIT Victory Golf Polo,50.0,0,Standard Class,2017-03-25 23:02:00,2017-03-30 23:02:00,3,5,2017,12,23,1,25.0,50.0
TRANSFER,4,4,67.5,225.0,Shipping on time,0,24,Women's Apparel,Caguas,Puerto Rico,Consumer,PR,5,Golf,18.27920532,-66.37055206,LATAM,Tepic,México,52478,502,25.0,0.100000001,50.0,0.300000012,5,250.0,225.0,67.5,Central America,Nayarit,PENDING,502,24,Nike Men's Dri-FIT Victory Golf Polo,50.0,0,Standard Class,2017-02-05 01:01:00,2017-02-09 01:01:00,2,6,2017,5,1,0,25.0,50.0
TRANSFER,3,4,78.27999878,173.9600067,Advance shipping,0,29,Shop By Sport,Guayama,Puerto Rico,Consumer,PR,5,Golf,17.98249054,-66.1126709,LATAM,San Miguelito,Panamá,57242,627,25.98999977,0.129999995,39.99000168,0.449999988,5,199.9499969,173.9600067,78.27999878,Central America,Panamá,PENDING,627,29,Under Armour Girls' Toddler Spine Surge Runni,39.99000168,0,Standard Class,2017-04-15 14:04:00,2017-04-18 14:04:00,4,5,2017,15,14,-1,25.98999977,39.99
TRANSFER,3,4,104.4000015,217.5,Advance shipping,0,24,Women's Apparel,Caguas,Puerto Rico,Consumer,PR,5,Golf,18.24496079,-66.3705368,LATAM,Ixtapaluca,México,3137,502,32.5,0.129999995,50.0,0.479999989,5,250.0,217.5,104.4000015,Central America,México,PENDING,502,24,Nike Men's Dri-FIT Victory Golf Polo,50.0,0,Standard Class,2015-02-15 18:40:00,2015-02-18 18:40:00,2,6,2015,7,18,-1,32.5,50.0
TRANSFER,3,4,47.84999847,217.5,Advance shipping,0,24,Women's Apparel,Caguas,Puerto Rico,Consumer,PR,5,Golf,18.28453636,-66.37060547,LATAM,Maceió,Brasil,60127,502,32.5,0.129999995,50.0,0.219999999,5,250.0,217.5,47.84999847,South America,Alagoas,PENDING,502,24,Nike Men's Dri-FIT Victory Golf Polo,50.0,0,Standard Class,2017-05-27 16:48:00,2017-05-30 16:48:00,5,5,2017,21,16,-1,32.5,50.0
TRANSFER,4,4,44.18999863,169.9600067,Shipping on time,0,29,Shop By Sport,Caguas,Puerto Rico,Consumer,PR,5,Golf,18.28339195,-66.37051392,LATAM,David,Panamá,3828,627,29.98999977,0.150000006,39.99000168,0.25999999,5,199.9499969,169.9600067,44.18999863,Central America,Chiriquí,PENDING,627,29,Under Armour Girls' Toddler Spine Surge Runni,39.99000168,0,Standard Class,2015-02-25 20:46:00,2015-03-01 20:46:00,2,2,2015,9,20,0,29.98999977,39.99
TRANSFER,2,4,8.5,212.5,Advance shipping,0,24,Women's Apparel,Caguas,Puerto Rico,Consumer,PR,5,Golf,18.22172546,-66.37059021,LATAM,Belo Horizonte,Brasil,60386,502,37.5,0.150000006,50.0,0.039999999,5,250.0,212.5,8.5,South America,Minas Gerais,PENDING,502,24,Nike Men's Dri-FIT Victory Golf Polo,50.0,0,Standard Class,2017-05-31 11:33:00,2017-06-02 11:33:00,5,2,2017,22,11,-2,37.5,50.0
TRANSFER,4,4,83.98000336,167.9600067,Shipping on time,0,29,Shop By Sport,Caguas,Puerto Rico,Consumer,PR,5,Golf,18.25333214,-66.37051392,LATAM,Santiago de Cuba,Cuba,973,627,31.98999977,0.159999996,39.99000168,0.5,5,199.9499969,167.9600067,83.98000336,Caribbean,Santiago de Cuba,PENDING,627,29,Under Armour Girls' Toddler Spine Surge Runni,39.99000168,0,Standard Class,2015-01-15 04:32:00,2015-01-19 04:32:00,1,3,2015,3,4,0,31.98999977,39.99
TRANSFER,5,4,70.13999939,207.5,Late delivery,1,24,Women's Apparel,Caguas,Puerto Rico,Consumer,PR,5,Golf,18.22976875,-66.37052918,LATAM,San Pedro Sula,Honduras,57999,502,42.5,0.170000002,50.0,0.340000004,5,250.0,207.5,70.13999939,Central America,Cortés,PENDING,502,24,Nike Men's Dri-FIT Victory Golf Polo,50.0,0,Standard Class,2017-04-26 15:16:00,2017-05-01 15:16:00,4,2,2017,17,15,1,42.5,50.0
TRANSFER,6,4,72.62999725,207.5,Late delivery,1,24,Women's Apparel,Caguas,Puerto Rico,Consumer,PR,5,Golf,18.22978401,-66.37054443,LATAM,Lima,Perú,54585,502,42.5,0.170000002,50.0,0.349999994,5,250.0,207.5,72.62999725,South America,Lima (ciudad),PENDING,502,24,Nike Men's Dri-FIT Victory Golf Polo,50.0,0,Standard Class,2017-03-07 19:12:00,2017-03-13 19:12:00,3,1,2017,10,19,2,42.5,50.0
TRANSFER,4,4,-140.0,200.0,Shipping on time,0,24,Women's Apparel,Caguas,Puerto Rico,Consumer,PR,5,Golf,18.22758102,-66.04357147,LATAM,Holguín,Cuba,57598,502,50.0,0.200000003,50.0,-0.699999988,5,250.0,200.0,-140.0,Caribbean,Holguín,PENDING,502,24,Nike Men's Dri-FIT Victory Golf Polo,50.0,0,Standard Class,2017-04-20 18:47:00,2017-04-24 18:47:00,4,3,2017,16,18,0,50.0,50.0
TRANSFER,5,4,-32.59999847,200.0,Late delivery,1,24,Women's Apparel,Caguas,Puerto Rico,Consumer,PR,5,Golf,18.22297287,-66.37059021,LATAM,Orizaba,México,54274,502,50.0,0.200000003,50.0,-0.159999996,5,250.0,200.0,-32.59999847,Central America,Veracruz,PENDING,502,24,Nike Men's Dri-FIT Victory Golf Polo,50.0,0,Standard Class,2017-03-03 06:14:00,2017-03-08 06:14:00,3,4,2017,9,6,1,50.0,50.0
TRANSFER,4,4,68.98000336,149.9600067,Shipping on time,0,29,Shop By Sport,Caguas,Puerto Rico,Consumer,PR,5,Golf,18.24120712,-66.37050629,LATAM,Managua,Nicaragua,60673,627,49.99000168,0.25,39.99000168,0.460000008,5,199.9499969,149.9600067,68.98000336,Central America,Managua,PENDING,627,29,Under Armour Girls' Toddler Spine Surge Runni,39.99000168,0,Standard Class,2017-06-04 16:06:00,2017-06-08 16:06:00,6,6,2017,22,16,0,49.99000168,39.99
TRANSFER,3,4,-11.81000042,187.5,Advance shipping,0,24,Women's Apparel,Juana Diaz,Puerto Rico,Consumer,PR,5,Golf,18.05199051,-66.50184631,LATAM,Villahermosa,México,59387,502,62.5,0.25,50.0,-0.059999999,5,250.0,187.5,-11.81000042,Central America,Tabasco,PENDING,502,24,Nike Men's Dri-FIT Victory Golf Polo,50.0,0,Standard Class,2017-05-16 21:33:00,2017-05-19 21:33:00,5,1,2017,20,21,-1,62.5,50.0
TRANSFER,6,4,52.5,187.5,Late delivery,1,24,Women's Apparel,Caguas,Puerto Rico,Consumer,PR,5,Golf,18.26378822,-66.37052918,LATAM,Buenos Aires,Argentina,52640,502,62.5,0.25,50.0,0.280000001,5,250.0,187.5,52.5,South America,Buenos Aires,PENDING,502,24,Nike Men's Dri-FIT Victory Golf Polo,50.0,0,Standard Class,2017-02-07 09:47:00,2017-02-13 09:47:00,2,1,2017,6,9,2,62.5,50.0
TRANSFER,3,4,91.87999725,187.5,Advance shipping,0,24,Women's Apparel,Caguas,Puerto Rico,Consumer,PR,5,Golf,18.20664215,-66.37052918,LATAM,Quixadá,Brasil,10007,502,62.5,0.25,50.0,0.49000001,5,250.0,187.5,91.87999725,South America,Ceará,PENDING,502,24,Nike Men's Dri-FIT Victory Golf Polo,50.0,0,Standard Class,2015-05-27 01:32:00,2015-05-30 01:32:00,5,2,2015,22,1,-1,62.5,50.0
TRANSFER,5,4,29.69000053,237.5500031,Late delivery,1,37,Electronics,Caguas,Puerto Rico,Consumer,PR,6,Outdoors,18.27825165,-66.37059784,LATAM,Mejicanos,El Salvador,55984,818,2.400000095,0.01,47.99000168,0.129999995,5,239.9499969,237.5500031,29.69000053,Central America,San Salvador,PENDING,818,37,Titleist Pro V1x Golf Balls,47.99000168,0,Standard Class,2017-03-28 05:20:00,2017-04-02 05:20:00,3,1,2017,13,5,1,2.400000095,47.99
TRANSFER,4,4,73.69999695,153.5500031,Shipping on time,0,37,Electronics,Caguas,Puerto Rico,Consumer,PR,6,Outdoors,18.27920532,-66.37055206,LATAM,Tepic,México,52478,825,6.400000095,0.039999999,31.98999977,0.479999989,5,159.9499969,153.5500031,73.69999695,Central America,Nayarit,PENDING,825,37,Bridgestone e6 Straight Distance NFL Tennesse,31.98999977,0,Standard Class,2017-02-05 01:01:00,2017-02-09 01:01:00,2,6,2017,5,1,0,6.400000095,31.99
TRANSFER,6,4,-79.19000244,395.9599915,Late delivery,1,38,Kids' Golf Clubs,Guayama,Puerto Rico,Consumer,PR,6,Outdoors,17.98249054,-66.1126709,LATAM,Mixco,Guatemala,58375,306,53.99000168,0.119999997,89.98999786,-0.200000003,5,449.9500122,395.9599915,-79.19000244,Central America,Guatemala,PENDING,306,38,Polar FT4 Heart Rate Monitor,89.98999786,0,Standard Class,2017-05-02 03:00:00,2017-05-08 03:00:00,5,1,2017,18,3,2,53.99000168,89.99
TRANSFER,4,4,34.84999847,124.4599991,Shipping on time,0,44,Hunting & Shooting,Caguas,Puerto Rico,Consumer,PR,7,Fan Shop,18.22776032,-66.37059021,LATAM,Nueva Gerona,Cuba,56448,977,25.48999977,0.170000002,29.98999977,0.280000001,5,149.9499969,124.4599991,34.84999847,Caribbean,Isla de la Juventud,PENDING,977,44,ENO Atlas Hammock Straps,29.98999977,0,Standard Class,2017-04-03 23:53:00,2017-04-07 23:53:00,4,0,2017,14,23,0,25.48999977,29.99
TRANSFER,2,4,74.08999634,284.9500122,Advance shipping,0,3,Baseball & Softball,Caguas,Puerto Rico,Consumer,PR,2,Fitness,18.2362442,-66.37062073,LATAM,Buenos Aires,Argentina,8221,44,15.0,0.050000001,59.99000168,0.25999999,5,299.9500122,284.9500122,74.08999634,South America,Buenos Aires,PROCESSING,44,3,adidas Men's F10 Messi TRX FG Soccer Cleat,59.99000168,0,Standard Class,2015-04-30 23:49:00,2015-05-02 23:49:00,4,3,2015,18,23,-2,15.0,59.99
TRANSFER,5,4,149.9900055,499.9500122,Late delivery,1,9,Cardio Equipment,Caguas,Puerto Rico,Consumer,PR,3,Footwear,18.21949196,-66.37052918,LATAM,Chimaltenango,Guatemala,58034,191,0.0,0.0,99.98999786,0.300000012,5,499.9500122,499.9500122,149.9900055,Central America,Chimaltenango,PROCESSING,191,9,Nike Men's Free 5.0+ Running Shoe,99.98999786,0,Standard Class,2017-04-27 03:32:00,2017-05-02 03:32:00,4,3,2017,17,3,1,0.0,99.99
TRANSFER,4,4,-18.80999947,494.9500122,Shipping on time,0,9,Cardio Equipment,Caguas,Puerto Rico,Consumer,PR,3,Footwear,18.25289154,-66.37058258,LATAM,Villa Nueva,Guatemala,2203,191,5.0,0.01,99.98999786,-0.039999999,5,499.9500122,494.9500122,-18.80999947,Central America,Guatemala,PROCESSING,191,9,Nike Men's Free 5.0+ Running Shoe,99.98999786,0,Standard Class,2015-02-02 03:27:00,2015-02-06 03:27:00,2,0,2015,6,3,0,5.0,99.99
TRANSFER,5,4,140.6399994,484.9500122,Late delivery,1,9,Cardio Equipment,Caguas,Puerto Rico,Consumer,PR,3,Footwear,18.22985077,-66.37062073,LATAM,Quito,Ecuador,53069,191,15.0,0.029999999,99.98999786,0.289999992,5,499.9500122,484.9500122,140.6399994,South America,Pichincha,PROCESSING,191,9,Nike Men's Free 5.0+ Running Shoe,99.98999786,0,Standard Class,2017-02-13 16:05:00,2017-02-18 16:05:00,2,0,2017,7,16,1,15.0,99.99
TRANSFER,2,4,36.0,479.9500122,Advance shipping,0,9,Cardio Equipment,Caguas,Puerto Rico,Consumer,PR,3,Footwear,18.22190094,-66.37052155,LATAM,Managua,Nicaragua,60146,191,20.0,0.039999999,99.98999786,0.079999998,5,499.9500122,479.9500122,36.0,Central America,Managua,PROCESSING,191,9,Nike Men's Free 5.0+ Running Shoe,99.98999786,0,Standard Class,2017-05-27 23:28:00,2017-05-29 23:28:00,5,5,2017,21,23,-2,20.0,99.99
TRANSFER,5,4,179.9799957,479.9500122,Late delivery,1,9,Cardio Equipment,Caguas,Puerto Rico,Consumer,PR,3,Footwear,18.26019096,-66.37052918,LATAM,Valle de La Pascua,Venezuela,55409,191,20.0,0.039999999,99.98999786,0.379999995,5,499.9500122,479.9500122,179.9799957,South America,Guárico,PROCESSING,191,9,Nike Men's Free 5.0+ Running Shoe,99.98999786,0,Standard Class,2017-03-19 19:53:00,2017-03-24 19:53:00,3,6,2017,11,19,1,20.0,99.99
TRANSFER,4,4,-783.6699829,474.9500122,Shipping on time,0,9,Cardio Equipment,Caguas,Puerto Rico,Consumer,PR,3,Footwear,18.28128624,-66.37050629,LATAM,San Miguelito,Panamá,8678,191,25.0,0.050000001,99.98999786,-1.649999976,5,499.9500122,474.9500122,-783.6699829,Central America,Panamá,PROCESSING,191,9,Nike Men's Free 5.0+ Running Shoe,99.98999786,0,Standard Class,2015-05-07 15:56:00,2015-05-11 15:56:00,5,3,2015,19,15,0,25.0,99.99
TRANSFER,6,4,199.4799957,474.9500122,Late delivery,1,9,Cardio Equipment,Caguas,Puerto Rico,Consumer,PR,3,Footwear,18.21101761,-66.37052918,LATAM,San Miguelito,Panamá,7980,191,25.0,0.050000001,99.98999786,0.419999987,5,499.9500122,474.9500122,199.4799957,Central America,Panamá,PROCESSING,191,9,Nike Men's Free 5.0+ Running Shoe,99.98999786,0,Standard Class,2015-04-27 11:23:00,2015-05-03 11:23:00,4,0,2015,18,11,2,25.0,99.99
TRANSFER,6,4,-269.9700012,449.9599915,Late delivery,1,9,Cardio Equipment,Caguas,Puerto Rico,Consumer,PR,3,Footwear,18.22019768,-66.37058258,LATAM,Petapa,Guatemala,57185,191,50.0,0.100000001,99.98999786,-0.600000024,5,499.9500122,449.9599915,-269.9700012,Central America,Guatemala,PROCESSING,191,9,Nike Men's Free 5.0+ Running Shoe,99.98999786,0,Standard Class,2017-04-14 18:06:00,2017-04-20 18:06:00,4,4,2017,15,18,2,50.0,99.99
TRANSFER,2,4,-22.5,449.9599915,Advance shipping,0,9,Cardio Equipment,Caguas,Puerto Rico,Consumer,PR,3,Footwear,18.25534058,-66.37050629,LATAM,Cotia,Brasil,8636,191,50.0,0.100000001,99.98999786,-0.050000001,5,499.9500122,449.9599915,-22.5,South America,São Paulo,PROCESSING,191,9,Nike Men's Free 5.0+ Running Shoe,99.98999786,0,Standard Class,2015-05-07 01:13:00,2015-05-09 01:13:00,5,3,2015,19,1,-2,50.0,99.99
TRANSFER,3,4,59.06000137,337.4599915,Advance shipping,0,12,Boxing & MMA,Caguas,Puerto Rico,Consumer,PR,3,Footwear,18.23215866,-66.37059021,LATAM,Itapecuru Mirim,Brasil,61192,251,112.4899979,0.25,89.98999786,0.180000007,5,449.9500122,337.4599915,59.06000137,South America,Marañón,PROCESSING,251,12,Brooks Women's Ghost 6 Running Shoe,89.98999786,0,Standard Class,2017-06-12 05:55:00,2017-06-15 05:55:00,6,0,2017,24,5,-1,112.4899979,89.99
TRANSFER,2,4,140.9799957,299.9500122,Advance shipping,0,17,Cleats,Caguas,Puerto Rico,Consumer,PR,4,Apparel,18.20737648,-66.37055206,LATAM,León,Nicaragua,55876,365,0.0,0.0,59.99000168,0.469999999,5,299.9500122,299.9500122,140.9799957,Central America,León,PROCESSING,365,17,Perfect Fitness Perfect Rip Deck,59.99000168,0,Standard Class,2017-03-26 15:30:00,2017-03-28 15:30:00,3,6,2017,12,15,-2,0.0,59.99
TRANSFER,2,4,81.66000366,296.9500122,Advance shipping,0,17,Cleats,Caguas,Puerto Rico,Consumer,PR,4,Apparel,18.27331543,-66.37060547,LATAM,Tlalpan,México,53331,365,3.0,0.01,59.99000168,0.280000001,5,299.9500122,296.9500122,81.66000366,Central America,Distrito Federal,PROCESSING,365,17,Perfect Fitness Perfect Rip Deck,59.99000168,0,Standard Class,2017-02-17 11:52:00,2017-02-19 11:52:00,2,4,2017,7,11,-2,3.0,59.99
TRANSFER,6,4,18.40999985,296.9500122,Late delivery,1,17,Cleats,Caguas,Puerto Rico,Consumer,PR,4,Apparel,18.2626648,-66.3706131,LATAM,Apopa,El Salvador,51725,365,3.0,0.01,59.99000168,0.059999999,5,299.9500122,296.9500122,18.40999985,Central America,San Salvador,PROCESSING,365,17,Perfect Fitness Perfect Rip Deck,59.99000168,0,Standard Class,2017-01-25 01:13:00,2017-01-31 01:13:00,1,2,2017,4,1,2,3.0,59.99
TRANSFER,3,4,33.22000122,293.9500122,Advance shipping,0,17,Cleats,Caguas,Puerto Rico,Consumer,PR,4,Apparel,18.26016426,-66.37059021,LATAM,Cipolletti,Argentina,52562,365,6.0,0.02,59.99000168,0.109999999,5,299.9500122,293.9500122,33.22000122,South America,Río Negro,PROCESSING,365,17,Perfect Fitness Perfect Rip Deck,59.99000168,0,Standard Class,2017-02-06 06:27:00,2017-02-09 06:27:00,2,0,2017,6,6,-1,6.0,59.99
TRANSFER,5,4,25.30999947,290.9500122,Late delivery,1,17,Cleats,Caguas,Puerto Rico,Consumer,PR,4,Apparel,18.24535179,-66.37059784,LATAM,Mejicanos,El Salvador,59754,365,9.0,0.029999999,59.99000168,0.090000004,5,299.9500122,290.9500122,25.30999947,Central America,San Salvador,PROCESSING,365,17,Perfect Fitness Perfect Rip Deck,59.99000168,0,Standard Class,2017-05-22 06:08:00,2017-05-27 06:08:00,5,0,2017,21,6,1,9.0,59.99
TRANSFER,5,4,-239.8600006,287.9500122,Late delivery,1,17,Cleats,Caguas,Puerto Rico,Consumer,PR,4,Apparel,18.21775055,-66.37060547,LATAM,La Ceiba,Honduras,53574,365,12.0,0.039999999,59.99000168,-0.829999983,5,299.9500122,287.9500122,-239.8600006,Central America,Atlántida,PROCESSING,365,17,Perfect Fitness Perfect Rip Deck,59.99000168,0,Standard Class,2017-02-21 01:00:00,2017-02-26 01:00:00,2,1,2017,8,1,1,12.0,59.99
TRANSFER,5,4,-155.8999939,283.4500122,Late delivery,1,17,Cleats,Caguas,Puerto Rico,Consumer,PR,4,Apparel,18.29214859,-66.3706131,LATAM,Córdoba,México,399,365,16.5,0.059999999,59.99000168,-0.550000012,5,299.9500122,283.4500122,-155.8999939,Central America,Veracruz,PROCESSING,365,17,Perfect Fitness Perfect Rip Deck,59.99000168,0,Standard Class,2015-01-06 19:26:00,2015-01-11 19:26:00,1,1,2015,2,19,1,16.5,59.99
DEBIT,6,2,40.02000046,86.98999786,Late delivery,1,9,Cardio Equipment,Caguas,Puerto Rico,Consumer,PR,3,Footwear,18.26737404,-66.37062836,Africa,Kuito,Angola,51050,191,13.0,0.129999995,99.98999786,0.460000008,1,99.98999786,86.98999786,40.02000046,Central Africa,Bié,ON_HOLD,191,9,Nike Men's Free 5.0+ Running Shoe,99.98999786,0,Second Class,2017-01-15 04:44:00,2017-01-21 04:44:00,1,6,2017,2,4,4,13.0,99.99
DEBIT,6,2,44.59000015,127.3899994,Late delivery,1,18,Men's Footwear,Caguas,Puerto Rico,Consumer,PR,4,Apparel,18.29659462,-66.37059021,Africa,Jartum,Sudán,45680,403,2.599999905,0.02,129.9900055,0.349999994,1,129.9900055,127.3899994,44.59000015,North Africa,Jartum,ON_HOLD,403,18,Nike Men's CJ Elite 2 TD Football Cleat,129.9900055,0,Second Class,2016-10-28 19:23:00,2016-11-03 19:23:00,10,4,2016,43,19,4,2.599999905,129.99
DEBIT,3,2,57.95999908,118.2900009,Late delivery,1,18,Men's Footwear,Caguas,Puerto Rico,Consumer,PR,4,Apparel,18.27468491,-66.37056732,Africa,Hargeysa,Somalia,42992,403,11.69999981,0.090000004,129.9900055,0.49000001,1,129.9900055,118.2900009,57.95999908,East Africa,Gobolka Woqooyi Galbeed,ON_HOLD,403,18,Nike Men's CJ Elite 2 TD Football Cleat,129.9900055,0,Second Class,2016-09-19 13:39:00,2016-09-22 13:39:00,9,0,2016,38,13,1,11.69999981,129.99
DEBIT,5,2,30.42000008,116.9899979,Late delivery,1,18,Men's Footwear,Caguas,Puerto Rico,Consumer,PR,4,Apparel,18.21944618,-66.37057495,Africa,Kenitra,Marruecos,41304,403,13.0,0.100000001,129.9900055,0.25999999,1,129.9900055,116.9899979,30.42000008,North Africa,Garb-Chrarda-Beni Hsen,ON_HOLD,403,18,Nike Men's CJ Elite 2 TD Football Cleat,129.9900055,0,Second Class,2016-08-25 22:16:00,2016-08-30 22:16:00,8,3,2016,34,22,3,13.0,129.99
DEBIT,6,2,24.60000038,49.18999863,Late delivery,1,17,Cleats,Caguas,Puerto Rico,Consumer,PR,4,Apparel,18.29659462,-66.37059021,Africa,Jartum,Sudán,45680,365,10.80000019,0.180000007,59.99000168,0.5,1,59.99000168,49.18999863,24.60000038,North Africa,Jartum,ON_HOLD,365,17,Perfect Fitness Perfect Rip Deck,59.99000168,0,Second Class,2016-10-28 19:23:00,2016-11-03 19:23:00,10,4,2016,43,19,4,10.80000019,59.99
DEBIT,4,2,48.88000107,103.9899979,Late delivery,1,18,Men's Footwear,Caguas,Puerto Rico,Consumer,PR,4,Apparel,18.23975563,-66.37059021,Africa,Abidjan,Costa de Marfil,44253,403,26.0,0.200000003,129.9900055,0.469999999,1,129.9900055,103.9899979,48.88000107,West Africa,Lagunes,ON_HOLD,403,18,Nike Men's CJ Elite 2 TD Football Cleat,129.9900055,0,Second Class,2016-10-07 23:26:00,2016-10-11 23:26:00,10,4,2016,40,23,2,26.0,129.99
DEBIT,4,2,0.0,296.980011,Late delivery,1,43,Camping & Hiking,Caguas,Puerto Rico,Consumer,PR,7,Fan Shop,18.2643261,-66.37060547,Africa,Abu Kabir,Egipto,46098,957,3.0,0.01,299.980011,0.0,1,299.980011,296.980011,0.0,North Africa,Ash Sharqiyah,ON_HOLD,957,43,Diamondback Women's Serene Classic Comfort Bi,299.980011,0,Second Class,2016-11-03 21:49:00,2016-11-07 21:49:00,11,3,2016,44,21,2,3.0,299.98
DEBIT,5,2,95.54000092,293.980011,Late delivery,1,43,Camping & Hiking,Caguas,Puerto Rico,Consumer,PR,7,Fan Shop,18.21944618,-66.37057495,Africa,Kenitra,Marruecos,41304,957,6.0,0.02,299.980011,0.330000013,1,299.980011,293.980011,95.54000092,North Africa,Garb-Chrarda-Beni Hsen,ON_HOLD,957,43,Diamondback Women's Serene Classic Comfort Bi,299.980011,0,Second Class,2016-08-25 22:16:00,2016-08-30 22:16:00,8,3,2016,34,22,3,6.0,299.98
DEBIT,3,2,-50.58000183,252.8800049,Late delivery,1,65,Consumer Electronics,Caguas,Puerto Rico,Consumer,PR,10,Technology,18.27085495,-66.03705597,Europe,Perugia,Italia,71077,1352,0.0,0.0,252.8800049,-0.200000003,1,252.8800049,252.8800049,-50.58000183,Southern Europe,Umbría,COMPLETE,1352,65,Industrial consumer electronics,252.8800049,0,Second Class,2017-11-03 13:05:00,2017-11-06 13:05:00,11,4,2017,44,13,1,0.0,252.88
DEBIT,4,2,120.8300018,447.519989,Late delivery,1,62,Cameras ,Caguas,Puerto Rico,Consumer,PR,10,Technology,18.23665237,-66.0370636,Europe,Nuremberg,Alemania,69703,1349,4.519999981,0.01,452.0400085,0.270000011,1,452.0400085,447.519989,120.8300018,Western Europe,Bavaria,COMPLETE,1349,62,Web Camera,452.0400085,0,Second Class,2017-10-14 11:42:00,2017-10-18 11:42:00,10,5,2017,41,11,2,4.519999981,452.04
DEBIT,3,2,25.04000092,250.3500061,Late delivery,1,65,Consumer Electronics,Caguas,Puerto Rico,Consumer,PR,10,Technology,18.28206062,-66.03705597,Europe,Reims,Francia,71112,1352,2.529999971,0.01,252.8800049,0.100000001,1,252.8800049,250.3500061,25.04000092,Western Europe,Alsacia-Champaña-Ardenas-Lorena,COMPLETE,1352,65,Industrial consumer electronics,252.8800049,0,Second Class,2017-11-04 01:21:00,2017-11-07 01:21:00,11,5,2017,44,1,1,2.529999971,252.88
DEBIT,6,2,212.6399994,443.0,Late delivery,1,62,Cameras ,Caguas,Puerto Rico,Consumer,PR,10,Technology,18.21524239,-66.03705597,Europe,Halle,Alemania,69810,1349,9.039999962,0.02,452.0400085,0.479999989,1,452.0400085,443.0,212.6399994,Western Europe,Sajonia-Anhalt,COMPLETE,1349,62,Web Camera,452.0400085,0,Second Class,2017-10-16 01:12:00,2017-10-22 01:12:00,10,0,2017,42,1,4,9.039999962,452.04
DEBIT,3,2,68.68000031,245.2899933,Late delivery,1,65,Consumer Electronics,Caguas,Puerto Rico,Consumer,PR,10,Technology,18.25598526,-66.03705597,Europe,Bremerhaven,Alemania,71092,1352,7.590000153,0.029999999,252.8800049,0.280000001,1,252.8800049,245.2899933,68.68000031,Western Europe,Bremen,COMPLETE,1352,65,Industrial consumer electronics,252.8800049,0,Second Class,2017-11-03 18:20:00,2017-11-06 18:20:00,11,4,2017,44,18,1,7.590000153,252.88
DEBIT,6,2,135.8300018,433.9599915,Late delivery,1,62,Cameras ,Caguas,Puerto Rico,Consumer,PR,10,Technology,18.28172112,-66.03705597,Europe,Portici,Italia,69610,1349,18.07999992,0.039999999,452.0400085,0.310000002,1,452.0400085,433.9599915,135.8300018,Southern Europe,Campania,COMPLETE,1349,62,Web Camera,452.0400085,0,Second Class,2017-10-13 03:08:00,2017-10-19 03:08:00,10,4,2017,41,3,4,18.07999992,452.04
DEBIT,6,2,78.08000183,240.2400055,Late delivery,1,65,Consumer Electronics,Caguas,Puerto Rico,Consumer,PR,10,Technology,18.23458481,-66.03705597,Europe,Bielefeld,Alemania,71000,1352,12.64000034,0.050000001,252.8800049,0.330000013,1,252.8800049,240.2400055,78.08000183,Western Europe,Renania del Norte-Westfalia,COMPLETE,1352,65,Industrial consumer electronics,252.8800049,0,Second Class,2017-11-02 10:06:00,2017-11-08 10:06:00,11,3,2017,44,10,4,12.64000034,252.88
DEBIT,5,2,595.3499756,1417.5,Late delivery,1,64,Computers,Caguas,Puerto Rico,Consumer,PR,10,Technology,18.25249672,-66.03704834,Europe,London,Reino Unido,70734,1351,82.5,0.059999999,1500.0,0.419999987,1,1500.0,1417.5,595.3499756,Northern Europe,Inglaterra,COMPLETE,1351,64,Dell Laptop,1500.0,0,Second Class,2017-10-29 12:55:00,2017-11-03 12:55:00,10,6,2017,43,12,3,82.5,1500.0
DEBIT,2,2,21.36000061,427.1799927,Shipping on time,0,62,Cameras ,Caguas,Puerto Rico,Consumer,PR,10,Technology,18.25508499,-66.03705597,Europe,Drancy,Francia,69626,1349,24.86000061,0.059999999,452.0400085,0.050000001,1,452.0400085,427.1799927,21.36000061,Western Europe,Isla de Francia,COMPLETE,1349,62,Web Camera,452.0400085,0,Second Class,2017-10-13 08:44:00,2017-10-15 08:44:00,10,4,2017,41,8,0,24.86000061,452.04
DEBIT,3,2,213.5899963,427.1799927,Late delivery,1,62,Cameras ,Caguas,Puerto Rico,Consumer,PR,10,Technology,18.28042221,-66.0370636,Europe,Duisburg,Alemania,69482,1349,24.86000061,0.059999999,452.0400085,0.5,1,452.0400085,427.1799927,213.5899963,Western Europe,Renania del Norte-Westfalia,COMPLETE,1349,62,Web Camera,452.0400085,0,Second Class,2017-10-11 06:17:00,2017-10-14 06:17:00,10,2,2017,41,6,1,24.86000061,452.04
DEBIT,5,2,55.79999924,1395.0,Late delivery,1,64,Computers,Caguas,Puerto Rico,Consumer,PR,10,Technology,18.23288918,-66.0370636,Europe,Bradford,Reino Unido,70769,1351,105.0,0.07,1500.0,0.039999999,1,1500.0,1395.0,55.79999924,Northern Europe,Inglaterra,COMPLETE,1351,64,Dell Laptop,1500.0,0,Second Class,2017-10-30 01:10:00,2017-11-04 01:10:00,10,0,2017,44,1,3,105.0,1500.0
DEBIT,4,2,126.1200027,420.3999939,Late delivery,1,62,Cameras ,Caguas,Puerto Rico,Consumer,PR,10,Technology,18.22864342,-66.0370636,Europe,Agrigento,Italia,69643,1349,31.63999939,0.07,452.0400085,0.300000012,1,452.0400085,420.3999939,126.1200027,Southern Europe,Sicilia,COMPLETE,1349,62,Web Camera,452.0400085,0,Second Class,2017-10-13 14:41:00,2017-10-17 14:41:00,10,4,2017,41,14,2,31.63999939,452.04
DEBIT,2,2,6.900000095,230.1199951,Shipping on time,0,65,Consumer Electronics,Caguas,Puerto Rico,Consumer,PR,10,Technology,18.29532433,-66.03705597,Europe,Oldham,Reino Unido,71051,1352,22.76000023,0.090000004,252.8800049,0.029999999,1,252.8800049,230.1199951,6.900000095,Northern Europe,Inglaterra,COMPLETE,1352,65,Industrial consumer electronics,252.8800049,0,Second Class,2017-11-03 03:58:00,2017-11-05 03:58:00,11,4,2017,44,3,0,22.76000023,252.88
DEBIT,4,2,-277.6700134,411.3599854,Late delivery,1,62,Cameras ,Caguas,Puerto Rico,Consumer,PR,10,Technology,18.24217796,-66.0370636,Europe,Palermo,Italia,69408,1349,40.68000031,0.090000004,452.0400085,-0.680000007,1,452.0400085,411.3599854,-277.6700134,Southern Europe,Sicilia,COMPLETE,1349,62,Web Camera,452.0400085,0,Second Class,2017-10-10 04:21:00,2017-10-14 04:21:00,10,1,2017,41,4,2,40.68000031,452.04
DEBIT,4,2,105.8600006,230.1199951,Late delivery,1,65,Consumer Electronics,Caguas,Puerto Rico,Consumer,PR,10,Technology,18.25569725,-66.0370636,Europe,Madrid,España,71123,1352,22.76000023,0.090000004,252.8800049,0.460000008,1,252.8800049,230.1199951,105.8600006,Southern Europe,Madrid,COMPLETE,1352,65,Industrial consumer electronics,252.8800049,0,Second Class,2017-11-04 05:12:00,2017-11-08 05:12:00,11,5,2017,44,5,2,22.76000023,252.88
DEBIT,5,2,86.0,1365.0,Late delivery,1,64,Computers,Caguas,Puerto Rico,Consumer,PR,10,Technology,18.26639938,-66.0370636,Europe,Nancy,Francia,70534,1351,135.0,0.090000004,1500.0,0.059999999,1,1500.0,1365.0,86.0,Western Europe,Alsacia-Champaña-Ardenas-Lorena,COMPLETE,1351,64,Dell Laptop,1500.0,0,Second Class,2017-10-26 14:51:00,2017-10-31 14:51:00,10,3,2017,43,14,3,135.0,1500.0
DEBIT,2,2,195.2799988,406.8399963,Shipping on time,0,62,Cameras ,Caguas,Puerto Rico,Consumer,PR,10,Technology,18.23524284,-66.03705597,Europe,Girona,España,69641,1349,45.20000076,0.100000001,452.0400085,0.479999989,1,452.0400085,406.8399963,195.2799988,Southern Europe,Cataluña,COMPLETE,1349,62,Web Camera,452.0400085,0,Second Class,2017-10-13 13:59:00,2017-10-15 13:59:00,10,4,2017,41,13,0,45.20000076,452.04
DEBIT,6,2,22.76000023,227.5899963,Late delivery,1,65,Consumer Electronics,Caguas,Puerto Rico,Consumer,PR,10,Technology,18.25786781,-66.03705597,Europe,Laon,Francia,70960,1352,25.29000092,0.100000001,252.8800049,0.100000001,1,252.8800049,227.5899963,22.76000023,Western Europe,Norte-Paso de Calais-Picardía,COMPLETE,1352,65,Industrial consumer electronics,252.8800049,0,Second Class,2017-11-01 20:05:00,2017-11-07 20:05:00,11,2,2017,44,20,4,25.29000092,252.88
DEBIT,4,2,180.5899963,384.230011,Late delivery,1,62,Cameras ,Caguas,Puerto Rico,Consumer,PR,10,Technology,18.22337914,-66.03705597,Europe,Hartlepool,Reino Unido,69908,1349,67.80999756,0.150000006,452.0400085,0.469999999,1,452.0400085,384.230011,180.5899963,Northern Europe,Inglaterra,COMPLETE,1349,62,Web Camera,452.0400085,0,Second Class,2017-10-17 11:32:00,2017-10-21 11:32:00,10,1,2017,42,11,2,67.80999756,452.04
DEBIT,3,2,101.0299988,214.9499969,Late delivery,1,65,Consumer Electronics,Caguas,Puerto Rico,Consumer,PR,10,Technology,18.23107529,-66.03705597,Europe,Pontault-Combault,Francia,70957,1352,37.93000031,0.150000006,252.8800049,0.469999999,1,252.8800049,214.9499969,101.0299988,Western Europe,Isla de Francia,COMPLETE,1352,65,Industrial consumer electronics,252.8800049,0,Second Class,2017-11-01 19:02:00,2017-11-04 19:02:00,11,2,2017,44,19,1,37.93000031,252.88
DEBIT,3,2,118.8499985,379.7099915,Late delivery,1,62,Cameras ,Caguas,Puerto Rico,Consumer,PR,10,Technology,18.26862907,-66.03705597,Europe,La Rochelle,Francia,69637,1349,72.33000183,0.159999996,452.0400085,0.310000002,1,452.0400085,379.7099915,118.8499985,Western Europe,Aquitania-Lemosín-Poitou-Charentes,COMPLETE,1349,62,Web Camera,452.0400085,0,Second Class,2017-10-13 12:35:00,2017-10-16 12:35:00,10,4,2017,41,12,1,72.33000183,452.04
DEBIT,6,2,60.86999893,209.8899994,Late delivery,1,65,Consumer Electronics,Caguas,Puerto Rico,Consumer,PR,10,Technology,18.22708893,-66.0370636,Europe,Edinburgh,Reino Unido,70955,1352,42.99000168,0.170000002,252.8800049,0.289999992,1,252.8800049,209.8899994,60.86999893,Northern Europe,Escocia,COMPLETE,1352,65,Industrial consumer electronics,252.8800049,0,Second Class,2017-11-01 18:20:00,2017-11-07 18:20:00,11,2,2017,44,18,4,42.99000168,252.88
DEBIT,5,2,73.45999908,209.8899994,Late delivery,1,65,Consumer Electronics,Caguas,Puerto Rico,Consumer,PR,10,Technology,18.23437882,-66.03705597,Europe,Acerra,Italia,70919,1352,42.99000168,0.170000002,252.8800049,0.349999994,1,252.8800049,209.8899994,73.45999908,Southern Europe,Campania,COMPLETE,1352,65,Industrial consumer electronics,252.8800049,0,Second Class,2017-11-01 05:44:00,2017-11-06 05:44:00,11,2,2017,44,5,3,42.99000168,252.88
DEBIT,5,2,39.88000107,209.8899994,Late delivery,1,65,Consumer Electronics,Caguas,Puerto Rico,Consumer,PR,10,Technology,18.29236603,-66.0370636,Europe,Hanover,Alemania,71009,1352,42.99000168,0.170000002,252.8800049,0.189999998,1,252.8800049,209.8899994,39.88000107,Western Europe,Baja Sajonia,COMPLETE,1352,65,Industrial consumer electronics,252.8800049,0,Second Class,2017-11-02 13:15:00,2017-11-07 13:15:00,11,3,2017,44,13,3,42.99000168,252.88
DEBIT,4,2,177.9199982,370.6700134,Late delivery,1,62,Cameras ,Caguas,Puerto Rico,Consumer,PR,10,Technology,18.21356773,-66.0370636,Europe,Manchester,Reino Unido,69653,1349,81.37000275,0.180000007,452.0400085,0.479999989,1,452.0400085,370.6700134,177.9199982,Northern Europe,Inglaterra,COMPLETE,1349,62,Web Camera,452.0400085,0,Second Class,2017-10-13 18:11:00,2017-10-17 18:11:00,10,4,2017,41,18,2,81.37000275,452.04
DEBIT,3,2,129.7400055,370.6700134,Late delivery,1,62,Cameras ,Caguas,Puerto Rico,Consumer,PR,10,Technology,18.2920475,-66.0370636,Europe,Messina,Italia,69527,1349,81.37000275,0.180000007,452.0400085,0.349999994,1,452.0400085,370.6700134,129.7400055,Southern Europe,Sicilia,COMPLETE,1349,62,Web Camera,452.0400085,0,Second Class,2017-10-11 22:03:00,2017-10-14 22:03:00,10,2,2017,41,22,1,81.37000275,452.04
DEBIT,6,2,62.20999908,207.3600006,Late delivery,1,65,Consumer Electronics,Caguas,Puerto Rico,Consumer,PR,10,Technology,18.24609184,-66.0370636,Europe,Wilhelmshaven,Alemania,71080,1352,45.52000046,0.180000007,252.8800049,0.300000012,1,252.8800049,207.3600006,62.20999908,Western Europe,Baja Sajonia,COMPLETE,1352,65,Industrial consumer electronics,252.8800049,0,Second Class,2017-11-03 14:08:00,2017-11-09 14:08:00,11,4,2017,44,14,4,45.52000046,252.88
DEBIT,5,2,90.0,1200.0,Late delivery,1,64,Computers,Caguas,Puerto Rico,Consumer,PR,10,Technology,18.20939446,-66.03705597,Europe,Letchworth,Reino Unido,70544,1351,300.0,0.200000003,1500.0,0.079999998,1,1500.0,1200.0,90.0,Northern Europe,Inglaterra,COMPLETE,1351,64,Dell Laptop,1500.0,0,Second Class,2017-10-26 18:21:00,2017-10-31 18:21:00,10,3,2017,43,18,3,300.0,1500.0
DEBIT,2,2,118.6600037,339.0299988,Shipping on time,0,62,Cameras ,Caguas,Puerto Rico,Consumer,PR,10,Technology,18.29184341,-66.03704834,Europe,Kilwinning,Reino Unido,69471,1349,113.0100021,0.25,452.0400085,0.349999994,1,452.0400085,339.0299988,118.6600037,Northern Europe,Escocia,COMPLETE,1349,62,Web Camera,452.0400085,0,Second Class,2017-10-11 02:26:00,2017-10-13 02:26:00,10,2,2017,41,2,0,113.0100021,452.04
DEBIT,5,2,415.7999878,989.9899902,Late delivery,1,4,Basketball,Caguas,Puerto Rico,Consumer,PR,2,Fitness,18.2275734,-66.0437088,Europe,Villeneuve-le-Roi,Francia,68879,60,10.0,0.01,999.9899902,0.419999987,1,999.9899902,989.9899902,415.7999878,Western Europe,Isla de Francia,COMPLETE,60,4,SOLE E25 Elliptical,999.9899902,0,Second Class,2017-10-02 11:01:00,2017-10-07 11:01:00,10,0,2017,40,11,3,10.0,999.99
DEBIT,5,2,8.619999886,78.38999939,Late delivery,1,2,Soccer,Caguas,Puerto Rico,Consumer,PR,2,Fitness,18.28542137,-66.37056732,Europe,Barakaldo,España,67214,24,1.600000024,0.02,79.98999786,0.109999999,1,79.98999786,78.38999939,8.619999886,Southern Europe,País Vasco,COMPLETE,24,2,Elevation Training Mask 2.0,79.98999786,0,Second Class,2017-09-08 03:42:00,2017-09-13 03:42:00,9,4,2017,36,3,3,1.600000024,79.99
DEBIT,6,2,16.34000015,52.18999863,Late delivery,1,3,Baseball & Softball,Caguas,Puerto Rico,Consumer,PR,2,Fitness,18.24692345,-66.37057495,Europe,Estocolmo,Suecia,17810,44,7.800000191,0.129999995,59.99000168,0.310000002,1,59.99000168,52.18999863,16.34000015,Northern Europe,Estocolmo,COMPLETE,44,3,adidas Men's F10 Messi TRX FG Soccer Cleat,59.99000168,0,Second Class,2015-09-17 23:17:00,2015-09-23 23:17:00,9,3,2015,38,23,4,7.800000191,59.99
DEBIT,4,2,12.52999973,43.18999863,Late delivery,1,13,Electronics,Caguas,Puerto Rico,Consumer,PR,3,Footwear,18.23379898,-66.37056732,Europe,Aylesbury,Reino Unido,18793,278,1.799999952,0.039999999,44.99000168,0.289999992,1,44.99000168,43.18999863,12.52999973,Northern Europe,Inglaterra,COMPLETE,278,13,Under Armour Men's Compression EV SL Slide,44.99000168,0,Second Class,2015-10-02 07:40:00,2015-10-06 07:40:00,10,4,2015,40,7,2,1.799999952,44.99
DEBIT,5,2,25.92000008,95.98999786,Late delivery,1,9,Cardio Equipment,Caguas,Puerto Rico,Consumer,PR,3,Footwear,18.24496079,-66.3705368,Europe,Langenhagen,Alemania,65109,191,4.0,0.039999999,99.98999786,0.270000011,1,99.98999786,95.98999786,25.92000008,Western Europe,Baja Sajonia,COMPLETE,191,9,Nike Men's Free 5.0+ Running Shoe,99.98999786,0,Second Class,2017-08-08 10:13:00,2017-08-13 10:13:00,8,1,2017,32,10,3,4.0,99.99
DEBIT,4,2,-13.57999992,94.98999786,Late delivery,1,9,Cardio Equipment,Caguas,Puerto Rico,Consumer,PR,3,Footwear,18.23220825,-66.37062836,Europe,Birmingham,Reino Unido,15673,191,5.0,0.050000001,99.98999786,-0.140000001,1,99.98999786,94.98999786,-13.57999992,Northern Europe,Inglaterra,COMPLETE,191,9,Nike Men's Free 5.0+ Running Shoe,99.98999786,0,Second Class,2015-08-17 18:35:00,2015-08-21 18:35:00,8,0,2015,34,18,2,5.0,99.99
DEBIT,4,2,10.03999996,41.84000015,Late delivery,1,13,Electronics,Caguas,Puerto Rico,Consumer,PR,3,Footwear,18.26521111,-66.37055206,Europe,Amsterdam,Países Bajos,18183,278,3.150000095,0.07,44.99000168,0.239999995,1,44.99000168,41.84000015,10.03999996,Western Europe,Holanda Septentrional,COMPLETE,278,13,Under Armour Men's Compression EV SL Slide,44.99000168,0,Second Class,2015-09-23 09:57:00,2015-09-27 09:57:00,9,2,2015,39,9,2,3.150000095,44.99
DEBIT,5,2,10.80000019,89.98999786,Late delivery,1,9,Cardio Equipment,Caguas,Puerto Rico,Consumer,PR,3,Footwear,18.28570366,-66.37050629,Europe,Viena,Austria,20234,191,10.0,0.100000001,99.98999786,0.119999997,1,99.98999786,89.98999786,10.80000019,Western Europe,Viena,COMPLETE,191,9,Nike Men's Free 5.0+ Running Shoe,99.98999786,0,Second Class,2015-10-23 08:31:00,2015-10-28 08:31:00,10,4,2015,43,8,3,10.0,99.99
DEBIT,5,2,16.71999931,87.98999786,Late delivery,1,9,Cardio Equipment,Caguas,Puerto Rico,Consumer,PR,3,Footwear,18.2968502,-66.37062836,Europe,Viena,Austria,13139,191,12.0,0.119999997,99.98999786,0.189999998,1,99.98999786,87.98999786,16.71999931,Western Europe,Viena,COMPLETE,191,9,Nike Men's Free 5.0+ Running Shoe,99.98999786,0,Second Class,2015-07-11 18:49:00,2015-07-16 18:49:00,7,5,2015,28,18,3,12.0,99.99
TRANSFER,5,4,28.85000038,128.2200012,Shipping canceled,0,13,Electronics,Freeport,EE. UU.,Consumer,NY,3,Footwear,40.65486527,-73.58707428,USCA,Houston,Estados Unidos,33824,278,6.75,0.050000001,44.99000168,0.230000004,3,134.9700012,128.2200012,28.85000038,US Center ,Texas,SUSPECTED_FRAUD,278,13,Under Armour Men's Compression EV SL Slide,44.99000168,0,Standard Class,2016-05-08 17:42:00,2016-05-13 17:42:00,5,6,2016,18,17,1,6.75,44.99
TRANSFER,5,4,133.9100037,278.9700012,Shipping canceled,0,9,Cardio Equipment,Fort Washington,EE. UU.,Consumer,MD,3,Footwear,38.74266434,-76.9917984,USCA,Gilbert,Estados Unidos,31364,191,21.0,0.07,99.98999786,0.479999989,3,299.9700012,278.9700012,133.9100037,West of USA ,Arizona,SUSPECTED_FRAUD,191,9,Nike Men's Free 5.0+ Running Shoe,99.98999786,0,Standard Class,2016-04-02 19:51:00,2016-04-07 19:51:00,4,5,2016,13,19,1,21.0,99.99
TRANSFER,6,4,79.16000366,272.9700012,Shipping canceled,0,9,Cardio Equipment,Bakersfield,EE. UU.,Consumer,CA,3,Footwear,35.36254501,-119.0186996,USCA,San Jose,Estados Unidos,40495,191,27.0,0.090000004,99.98999786,0.289999992,3,299.9700012,272.9700012,79.16000366,West of USA ,California,SUSPECTED_FRAUD,191,9,Nike Men's Free 5.0+ Running Shoe,99.98999786,0,Standard Class,2016-08-14 02:51:00,2016-08-20 02:51:00,8,6,2016,32,2,2,27.0,99.99
TRANSFER,5,4,19.11000061,272.9700012,Shipping canceled,0,9,Cardio Equipment,Fort Washington,EE. UU.,Consumer,MD,3,Footwear,38.74266434,-76.9917984,USCA,Gilbert,Estados Unidos,31364,191,27.0,0.090000004,99.98999786,0.07,3,299.9700012,272.9700012,19.11000061,West of USA ,Arizona,SUSPECTED_FRAUD,191,9,Nike Men's Free 5.0+ Running Shoe,99.98999786,0,Standard Class,2016-04-02 19:51:00,2016-04-07 19:51:00,4,5,2016,13,19,1,27.0,99.99
TRANSFER,2,4,10.77000046,170.9700012,Shipping canceled,0,17,Cleats,Corona,EE. UU.,Consumer,NY,4,Apparel,40.74210739,-73.86962128,USCA,Fresno,Estados Unidos,34506,365,9.0,0.050000001,59.99000168,0.059999999,3,179.9700012,170.9700012,10.77000046,West of USA ,California,SUSPECTED_FRAUD,365,17,Perfect Fitness Perfect Rip Deck,59.99000168,0,Standard Class,2016-05-18 16:38:00,2016-05-20 16:38:00,5,2,2016,20,16,-2,9.0,59.99
TRANSFER,3,4,-284.5299988,167.3699951,Shipping canceled,0,17,Cleats,Cincinnati,EE. UU.,Consumer,OH,4,Apparel,39.28849411,-84.3551178,USCA,Peoria,Estados Unidos,33607,365,12.60000038,0.07,59.99000168,-1.700000048,3,179.9700012,167.3699951,-284.5299988,West of USA ,Arizona,SUSPECTED_FRAUD,365,17,Perfect Fitness Perfect Rip Deck,59.99000168,0,Standard Class,2016-05-05 13:40:00,2016-05-08 13:40:00,5,3,2016,18,13,-1,12.60000038,59.99
TRANSFER,3,4,69.68000031,158.3699951,Shipping canceled,0,17,Cleats,Germantown,EE. UU.,Consumer,MD,4,Apparel,39.1836586,-77.26545715,USCA,Cincinnati,Estados Unidos,32617,365,21.60000038,0.119999997,59.99000168,0.439999998,3,179.9700012,158.3699951,69.68000031,East of USA,Ohio,SUSPECTED_FRAUD,365,17,Perfect Fitness Perfect Rip Deck,59.99000168,0,Standard Class,2016-04-21 02:50:00,2016-04-24 02:50:00,4,3,2016,16,2,-1,21.60000038,59.99
TRANSFER,2,4,7.480000019,118.7699966,Shipping canceled,0,29,Shop By Sport,Carrollton,EE. UU.,Consumer,TX,5,Golf,32.96593094,-96.84902191,USCA,Columbus,Estados Unidos,37496,627,1.200000048,0.01,39.99000168,0.059999999,3,119.9700012,118.7699966,7.480000019,US Center ,Indiana,SUSPECTED_FRAUD,627,29,Under Armour Girls' Toddler Spine Surge Runni,39.99000168,0,Standard Class,2016-07-01 08:10:00,2016-07-03 08:10:00,7,4,2016,26,8,-2,1.200000048,39.99
TRANSFER,3,4,11.02999973,73.5,Shipping canceled,0,26,Girls' Apparel,Germantown,EE. UU.,Consumer,MD,5,Golf,39.1836586,-77.26545715,USCA,Cincinnati,Estados Unidos,32617,567,1.5,0.02,25.0,0.150000006,3,75.0,73.5,11.02999973,East of USA,Ohio,SUSPECTED_FRAUD,567,26,adidas Men's Germany Black Crest Away Tee,25.0,0,Standard Class,2016-04-21 02:50:00,2016-04-24 02:50:00,4,3,2016,16,2,-1,1.5,25.0
TRANSFER,6,4,-24.8199997,132.0,Shipping canceled,0,24,Women's Apparel,Houston,EE. UU.,Consumer,TX,5,Golf,29.83435631,-95.33792877,USCA,Ottawa,Canada,49075,502,18.0,0.119999997,50.0,-0.189999998,3,150.0,132.0,-24.8199997,Canada,Ontario,SUSPECTED_FRAUD,502,24,Nike Men's Dri-FIT Victory Golf Polo,50.0,0,Standard Class,2016-12-17 08:48:00,2016-12-23 08:48:00,12,5,2016,50,8,2,18.0,50.0
TRANSFER,5,4,33.0,132.0,Shipping canceled,0,24,Women's Apparel,Freeport,EE. UU.,Consumer,NY,5,Golf,40.65486527,-73.58707428,USCA,Houston,Estados Unidos,33824,502,18.0,0.119999997,50.0,0.25,3,150.0,132.0,33.0,US Center ,Texas,SUSPECTED_FRAUD,502,24,Nike Men's Dri-FIT Victory Golf Polo,50.0,0,Standard Class,2016-05-08 17:42:00,2016-05-13 17:42:00,5,6,2016,18,17,1,18.0,50.0
TRANSFER,6,4,36.54000092,130.5,Shipping canceled,0,24,Women's Apparel,Houston,EE. UU.,Consumer,TX,5,Golf,29.83435631,-95.33792877,USCA,Ottawa,Canada,49075,502,19.5,0.129999995,50.0,0.280000001,3,150.0,130.5,36.54000092,Canada,Ontario,SUSPECTED_FRAUD,502,24,Nike Men's Dri-FIT Victory Golf Polo,50.0,0,Standard Class,2016-12-17 08:48:00,2016-12-23 08:48:00,12,5,2016,50,8,2,19.5,50.0
TRANSFER,4,4,-76.37000275,99.58000183,Shipping canceled,0,29,Shop By Sport,Carlisle,EE. UU.,Consumer,PA,5,Golf,40.2372818,-76.96795654,USCA,Kitchener,Canada,41623,627,20.38999939,0.170000002,39.99000168,-0.769999981,3,119.9700012,99.58000183,-76.37000275,Canada,Ontario,SUSPECTED_FRAUD,627,29,Under Armour Girls' Toddler Spine Surge Runni,39.99000168,0,Standard Class,2016-08-30 14:02:00,2016-09-03 14:02:00,8,1,2016,35,14,0,20.38999939,39.99
TRANSFER,2,4,8.760000229,99.58000183,Shipping canceled,0,29,Shop By Sport,Los Angeles,EE. UU.,Consumer,CA,5,Golf,34.20339966,-118.6059036,USCA,Philadelphia,Estados Unidos,39271,627,20.38999939,0.170000002,39.99000168,0.090000004,3,119.9700012,99.58000183,8.760000229,East of USA,Pensilvania,SUSPECTED_FRAUD,627,29,Under Armour Girls' Toddler Spine Surge Runni,39.99000168,0,Standard Class,2016-07-27 06:01:00,2016-07-29 06:01:00,7,2,2016,30,6,-2,20.38999939,39.99
TRANSFER,4,4,36.36999893,74.22000122,Shipping canceled,0,40,Accessories,Ewa Beach,EE. UU.,Consumer,HI,6,Outdoors,21.31185532,-158.0046844,USCA,Des Plaines,Estados Unidos,38598,893,0.75,0.01,24.98999977,0.49000001,3,74.97000122,74.22000122,36.36999893,US Center ,Illinois,SUSPECTED_FRAUD,893,40,Team Golf Pittsburgh Steelers Putter Grip,24.98999977,0,Standard Class,2016-07-17 10:14:00,2016-07-21 10:14:00,7,6,2016,28,10,0,0.75,24.99
TRANSFER,6,4,18.12999916,40.29000092,Shipping canceled,0,41,Trade-In,Lakewood,EE. UU.,Consumer,NJ,6,Outdoors,40.09635925,-74.21524048,USCA,Elmhurst,Estados Unidos,37845,924,7.679999828,0.159999996,15.98999977,0.449999988,3,47.97000122,40.29000092,18.12999916,US Center ,Illinois,SUSPECTED_FRAUD,924,41,Glove It Urban Brick Golf Towel,15.98999977,0,Standard Class,2016-07-06 10:26:00,2016-07-12 10:26:00,7,2,2016,27,10,2,7.679999828,15.99
TRANSFER,2,4,-12.98999977,227.9600067,Shipping canceled,0,17,Cleats,Rome,EE. UU.,Consumer,NY,4,Apparel,43.21662521,-75.45603943,Africa,Antananarivo,Madagascar,42331,365,12.0,0.050000001,59.99000168,-0.059999999,4,239.9600067,227.9600067,-12.98999977,East Africa,Analamanga,CANCELED,365,17,Perfect Fitness Perfect Rip Deck,59.99000168,0,Standard Class,2016-09-09 22:05:00,2016-09-11 22:05:00,9,4,2016,36,22,-2,12.0,59.99
TRANSFER,6,4,74.04000092,203.9700012,Shipping canceled,0,17,Cleats,Vista,EE. UU.,Consumer,CA,4,Apparel,33.21121979,-117.2510605,Africa,Algiers,Argelia,41345,365,35.99000168,0.150000006,59.99000168,0.360000014,4,239.9600067,203.9700012,74.04000092,North Africa,Alger,CANCELED,365,17,Perfect Fitness Perfect Rip Deck,59.99000168,0,Standard Class,2016-08-26 12:38:00,2016-09-01 12:38:00,8,4,2016,34,12,2,35.99000168,59.99
TRANSFER,4,4,90.0,200.0,Shipping canceled,0,24,Women's Apparel,Fort Worth,EE. UU.,Consumer,TX,5,Golf,32.8013916,-97.3302536,Africa,Monrovia,Liberia,51168,502,0.0,0.0,50.0,0.449999988,4,200.0,200.0,90.0,West Africa,Montserrado,CANCELED,502,24,Nike Men's Dri-FIT Victory Golf Polo,50.0,0,Standard Class,2017-01-16 22:04:00,2017-01-20 22:04:00,1,0,2017,3,22,0,0.0,50.0
TRANSFER,4,4,-2.190000057,156.7599945,Shipping canceled,0,29,Shop By Sport,Fort Worth,EE. UU.,Consumer,TX,5,Golf,32.8013916,-97.3302536,Africa,Monrovia,Liberia,51168,627,3.200000048,0.02,39.99000168,-0.01,4,159.9600067,156.7599945,-2.190000057,West Africa,Montserrado,CANCELED,627,29,Under Armour Girls' Toddler Spine Surge Runni,39.99000168,0,Standard Class,2017-01-16 22:04:00,2017-01-20 22:04:00,1,0,2017,3,22,0,3.200000048,39.99
TRANSFER,5,4,85.05000305,189.0,Shipping canceled,0,24,Women's Apparel,Fond Du Lac,EE. UU.,Consumer,WI,5,Golf,43.78569031,-88.47438049,Africa,Jartum,Sudán,43599,502,11.0,0.059999999,50.0,0.449999988,4,200.0,189.0,85.05000305,North Africa,Jartum,CANCELED,502,24,Nike Men's Dri-FIT Victory Golf Polo,50.0,0,Standard Class,2016-09-28 10:19:00,2016-10-03 10:19:00,9,2,2016,39,10,1,11.0,50.0
TRANSFER,2,4,3.039999962,79.97000122,Shipping canceled,0,40,Accessories,Philadelphia,EE. UU.,Consumer,PA,6,Outdoors,39.79661942,-75.47006989,Africa,Gagnoa,Costa de Marfil,41901,905,19.98999977,0.200000003,24.98999977,0.039999999,4,99.95999908,79.97000122,3.039999962,West Africa,Fromager,CANCELED,905,40,Team Golf Texas Longhorns Putter Grip,24.98999977,0,Standard Class,2016-09-03 15:26:00,2016-09-05 15:26:00,9,5,2016,35,15,-2,19.98999977,24.99
TRANSFER,2,4,-266.7900085,363.9599915,Advance shipping,0,9,Cardio Equipment,Ontario,EE. UU.,Consumer,CA,3,Footwear,34.07656479,-117.61409,Africa,Livingstone,Zambia,42751,191,36.0,0.090000004,99.98999786,-0.730000019,4,399.9599915,363.9599915,-266.7900085,East Africa,Meridional,PENDING,191,9,Nike Men's Free 5.0+ Running Shoe,99.98999786,0,Standard Class,2016-09-16 01:13:00,2016-09-18 01:13:00,9,4,2016,37,1,-2,36.0,99.99
TRANSFER,4,4,64.79000092,239.9600067,Shipping on time,0,17,Cleats,Oviedo,EE. UU.,Consumer,FL,4,Apparel,28.62217712,-81.20755768,Africa,Fes,Marruecos,45088,365,0.0,0.0,59.99000168,0.270000011,4,239.9600067,239.9600067,64.79000092,North Africa,Fez-Bulmán,PENDING,365,17,Perfect Fitness Perfect Rip Deck,59.99000168,0,Standard Class,2016-10-20 03:59:00,2016-10-24 03:59:00,10,3,2016,42,3,0,0.0,59.99
TRANSFER,5,4,83.62000275,230.3600006,Late delivery,1,17,Cleats,Buffalo,EE. UU.,Consumer,NY,4,Apparel,42.9666214,-78.74194336,Africa,Cairo,Egipto,50489,365,9.600000381,0.039999999,59.99000168,0.360000014,4,239.9600067,230.3600006,83.62000275,North Africa,El Cairo,PENDING,365,17,Perfect Fitness Perfect Rip Deck,59.99000168,0,Standard Class,2017-01-07 00:11:00,2017-01-12 00:11:00,1,5,2017,1,0,1,9.600000381,59.99
TRANSFER,5,4,74.08999634,227.9600067,Late delivery,1,17,Cleats,Honolulu,EE. UU.,Consumer,HI,4,Apparel,21.30562019,-157.8386993,Africa,Dakar,Senegal,44409,365,12.0,0.050000001,59.99000168,0.330000013,4,239.9600067,227.9600067,74.08999634,West Africa,Dakar,PENDING,365,17,Perfect Fitness Perfect Rip Deck,59.99000168,0,Standard Class,2016-10-10 06:06:00,2016-10-15 06:06:00,10,0,2016,41,6,1,12.0,59.99
TRANSFER,2,4,92.97000122,226.7599945,Advance shipping,0,17,Cleats,Oceanside,EE. UU.,Consumer,CA,4,Apparel,33.18587494,-117.3658524,Africa,Hurghada,Egipto,42101,365,13.19999981,0.059999999,59.99000168,0.409999996,4,239.9600067,226.7599945,92.97000122,North Africa,Al Bahr al Ahmar,PENDING,365,17,Perfect Fitness Perfect Rip Deck,59.99000168,0,Standard Class,2016-09-06 13:30:00,2016-09-08 13:30:00,9,1,2016,36,13,-2,13.19999981,59.99
TRANSFER,5,4,70.55999756,208.7700043,Late delivery,1,17,Cleats,North Tonawanda,EE. UU.,Consumer,NY,4,Apparel,43.02910233,-78.87342072,Africa,Kenitra,Marruecos,50424,365,31.19000053,0.129999995,59.99000168,0.340000004,4,239.9600067,208.7700043,70.55999756,North Africa,Garb-Chrarda-Beni Hsen,PENDING,365,17,Perfect Fitness Perfect Rip Deck,59.99000168,0,Standard Class,2017-01-06 01:25:00,2017-01-11 01:25:00,1,4,2017,1,1,1,31.19000053,59.99
TRANSFER,6,4,96.0,200.0,Late delivery,1,24,Women's Apparel,Clovis,EE. UU.,Consumer,CA,5,Golf,36.82690048,-119.6776962,Africa,Abidjan,Costa de Marfil,49825,502,0.0,0.0,50.0,0.479999989,4,200.0,200.0,96.0,West Africa,Lagunes,PENDING,502,24,Nike Men's Dri-FIT Victory Golf Polo,50.0,0,Standard Class,2016-12-28 07:33:00,2017-01-03 07:33:00,12,2,2016,52,7,2,0.0,50.0
TRANSFER,5,4,-145.1300049,198.0,Late delivery,1,24,Women's Apparel,Jamaica,EE. UU.,Consumer,NY,5,Golf,40.70170975,-73.80841827,Africa,Hurghada,Egipto,41294,502,2.0,0.01,50.0,-0.730000019,4,200.0,198.0,-145.1300049,North Africa,Al Bahr al Ahmar,PENDING,502,24,Nike Men's Dri-FIT Victory Golf Polo,50.0,0,Standard Class,2016-08-25 18:46:00,2016-08-30 18:46:00,8,3,2016,34,18,1,2.0,50.0
TRANSFER,4,4,45.0,155.1600037,Shipping on time,0,29,Shop By Sport,Granite City,EE. UU.,Consumer,IL,5,Golf,38.69002152,-90.14477539,Africa,Niamey,Níger,42023,627,4.800000191,0.029999999,39.99000168,0.289999992,4,159.9600067,155.1600037,45.0,West Africa,Niamey,PENDING,627,29,Under Armour Girls' Toddler Spine Surge Runni,39.99000168,0,Standard Class,2016-09-05 10:10:00,2016-09-09 10:10:00,9,0,2016,36,10,0,4.800000191,39.99
TRANSFER,5,4,51.09000015,151.1600037,Late delivery,1,29,Shop By Sport,Medford,EE. UU.,Consumer,MA,5,Golf,42.41968918,-71.10621643,Africa,Sale,Marruecos,47774,627,8.800000191,0.059999999,39.99000168,0.340000004,4,159.9600067,151.1600037,51.09000015,North Africa,Rabat-Salé-Zemur-Zaer,PENDING,627,29,Under Armour Girls' Toddler Spine Surge Runni,39.99000168,0,Standard Class,2016-11-28 09:00:00,2016-12-03 09:00:00,11,0,2016,48,9,1,8.800000191,39.99
TRANSFER,3,4,31.25,111.5999985,Advance shipping,0,26,Girls' Apparel,Pomona,EE. UU.,Consumer,CA,5,Golf,34.04991913,-117.7161026,Africa,Pretoria,SudAfrica,41827,564,8.399999619,0.07,30.0,0.280000001,4,120.0,111.5999985,31.25,Southern Africa,Gauteng,PENDING,564,26,Nike Men's Deutschland Weltmeister Winners Bl,30.0,0,Standard Class,2016-09-02 13:30:00,2016-09-05 13:30:00,9,4,2016,35,13,-1,8.399999619,30.0
TRANSFER,4,4,-459.0,170.0,Shipping on time,0,24,Women's Apparel,Tempe,EE. UU.,Consumer,AZ,5,Golf,33.41519928,-111.9199905,Africa,Marrakech,Marruecos,47193,502,30.0,0.150000006,50.0,-2.700000048,4,200.0,170.0,-459.0,North Africa,Marrakech-Tensift-Al Hauz,PENDING,502,24,Nike Men's Dri-FIT Victory Golf Polo,50.0,0,Standard Class,2016-11-19 21:27:00,2016-11-23 21:27:00,11,5,2016,46,21,0,30.0,50.0
TRANSFER,2,4,-248.0,160.0,Advance shipping,0,24,Women's Apparel,Santa Ana,EE. UU.,Consumer,CA,5,Golf,33.74279404,-117.8847504,Africa,Bur Sudan,Sudán,42626,502,40.0,0.200000003,50.0,-1.549999952,4,200.0,160.0,-248.0,North Africa,Mar Rojo,PENDING,502,24,Nike Men's Dri-FIT Victory Golf Polo,50.0,0,Standard Class,2016-09-14 05:26:00,2016-09-16 05:26:00,9,2,2016,37,5,-2,40.0,50.0
TRANSFER,5,4,13.19999981,150.0,Late delivery,1,24,Women's Apparel,York,EE. UU.,Consumer,PA,5,Golf,39.9602356,-76.67675781,Africa,Lagos,Nigeria,46199,502,50.0,0.25,50.0,0.090000004,4,200.0,150.0,13.19999981,West Africa,Lagos,PENDING,502,24,Nike Men's Dri-FIT Victory Golf Polo,50.0,0,Standard Class,2016-11-05 09:13:00,2016-11-10 09:13:00,11,5,2016,44,9,1,50.0,50.0
TRANSFER,4,4,46.29000092,94.45999908,Shipping on time,0,40,Accessories,Aurora,EE. UU.,Consumer,CO,6,Outdoors,39.74543381,-104.8753815,Africa,Lagos,Nigeria,48468,885,5.5,0.059999999,24.98999977,0.49000001,4,99.95999908,94.45999908,46.29000092,West Africa,Lagos,PENDING,885,40,Team Golf St. Louis Cardinals Putter Grip,24.98999977,0,Standard Class,2016-12-08 12:08:00,2016-12-12 12:08:00,12,3,2016,49,12,0,5.5,24.99
TRANSFER,5,4,182.1399994,395.9599915,Late delivery,1,9,Cardio Equipment,Simi Valley,EE. UU.,Consumer,CA,3,Footwear,34.27391052,-118.7662125,Africa,Quelimane,Mozambique,51009,191,4.0,0.01,99.98999786,0.460000008,4,399.9599915,395.9599915,182.1399994,East Africa,Zambezia,PROCESSING,191,9,Nike Men's Free 5.0+ Running Shoe,99.98999786,0,Standard Class,2017-01-14 14:22:00,2017-01-19 14:22:00,1,5,2017,2,14,1,4.0,99.99
TRANSFER,5,4,-261.4400024,391.9599915,Late delivery,1,9,Cardio Equipment,Silver Spring,EE. UU.,Consumer,MD,3,Footwear,39.04636002,-76.98272705,Africa,Port Elizabeth,SudAfrica,46229,191,8.0,0.02,99.98999786,-0.670000017,4,399.9599915,391.9599915,-261.4400024,Southern Africa,Cabo Oriental,PROCESSING,191,9,Nike Men's Free 5.0+ Running Shoe,99.98999786,0,Standard Class,2016-11-05 19:43:00,2016-11-10 19:43:00,11,5,2016,44,19,1,8.0,99.99
TRANSFER,3,4,178.5800018,379.9599915,Advance shipping,0,9,Cardio Equipment,Saint Paul,EE. UU.,Consumer,MN,3,Footwear,44.72552109,-93.20613098,Africa,Shinyanga,Tanzania,42882,191,20.0,0.050000001,99.98999786,0.469999999,4,399.9599915,379.9599915,178.5800018,East Africa,Shinyanga,PROCESSING,191,9,Nike Men's Free 5.0+ Running Shoe,99.98999786,0,Standard Class,2016-09-17 23:07:00,2016-09-20 23:07:00,9,5,2016,37,23,-1,20.0,99.99
TRANSFER,3,4,167.4199982,363.9599915,Advance shipping,0,9,Cardio Equipment,San Antonio,EE. UU.,Consumer,TX,3,Footwear,29.45598984,-98.52809143,Africa,Kismaayo,Somalia,46827,191,36.0,0.090000004,99.98999786,0.460000008,4,399.9599915,363.9599915,167.4199982,East Africa,Jubbada Hoose,PROCESSING,191,9,Nike Men's Free 5.0+ Running Shoe,99.98999786,0,Standard Class,2016-11-14 13:14:00,2016-11-17 13:14:00,11,0,2016,46,13,-1,36.0,99.99
TRANSFER,5,4,-76.66999817,359.9599915,Late delivery,1,9,Cardio Equipment,Philadelphia,EE. UU.,Consumer,PA,3,Footwear,39.95672989,-75.19525909,Africa,Butare,Ruanda,48684,191,40.0,0.100000001,99.98999786,-0.209999993,4,399.9599915,359.9599915,-76.66999817,East Africa,Meridional,PROCESSING,191,9,Nike Men's Free 5.0+ Running Shoe,99.98999786,0,Standard Class,2016-12-11 15:49:00,2016-12-16 15:49:00,12,6,2016,49,15,1,40.0,99.99
TRANSFER,5,4,165.4199982,351.9599915,Late delivery,1,9,Cardio Equipment,Philadelphia,EE. UU.,Consumer,PA,3,Footwear,39.95672989,-75.19525909,Africa,Butare,Ruanda,48684,191,48.0,0.119999997,99.98999786,0.469999999,4,399.9599915,351.9599915,165.4199982,East Africa,Meridional,PROCESSING,191,9,Nike Men's Free 5.0+ Running Shoe,99.98999786,0,Standard Class,2016-12-11 15:49:00,2016-12-16 15:49:00,12,6,2016,49,15,1,48.0,99.99
TRANSFER,2,4,-82.01000214,351.9599915,Advance shipping,0,9,Cardio Equipment,Philadelphia,EE. UU.,Consumer,PA,3,Footwear,40.03775024,-75.06806183,Africa,Cairo,Egipto,46416,191,48.0,0.119999997,99.98999786,-0.230000004,4,399.9599915,351.9599915,-82.01000214,North Africa,El Cairo,PROCESSING,191,9,Nike Men's Free 5.0+ Running Shoe,99.98999786,0,Standard Class,2016-11-08 13:14:00,2016-11-10 13:14:00,11,1,2016,45,13,-2,48.0,99.99
TRANSFER,4,4,91.79000092,339.9700012,Shipping on time,0,9,Cardio Equipment,Bronx,EE. UU.,Consumer,NY,3,Footwear,40.86353684,-73.87049866,Africa,Newcastle,SudAfrica,47343,191,59.99000168,0.150000006,99.98999786,0.270000011,4,399.9599915,339.9700012,91.79000092,Southern Africa,KwaZulu-Natal,PROCESSING,191,9,Nike Men's Free 5.0+ Running Shoe,99.98999786,0,Standard Class,2016-11-22 02:00:00,2016-11-26 02:00:00,11,1,2016,47,2,0,59.99000168,99.99
DEBIT,2,4,40.56000137,124.7900009,Advance shipping,0,18,Men's Footwear,Greenville,EE. UU.,Corporate,NC,4,Apparel,35.60034943,-77.33486939,Pacific Asia,Estambul,Turquía,41686,403,5.199999809,0.039999999,129.9900055,0.330000013,1,129.9900055,124.7900009,40.56000137,West Asia,Estambul,COMPLETE,403,18,Nike Men's CJ Elite 2 TD Football Cleat,129.9900055,0,Standard Class,2016-08-31 12:06:00,2016-09-02 12:06:00,8,2,2016,35,12,-2,5.199999809,129.99
DEBIT,2,4,41.18000031,124.7900009,Advance shipping,0,18,Men's Footwear,Morristown,EE. UU.,Corporate,NJ,4,Apparel,40.80119324,-74.48561096,Pacific Asia,Jerusalén,Israel,41896,403,5.199999809,0.039999999,129.9900055,0.330000013,1,129.9900055,124.7900009,41.18000031,West Asia,Jerusalén,COMPLETE,403,18,Nike Men's CJ Elite 2 TD Football Cleat,129.9900055,0,Standard Class,2016-09-03 13:41:00,2016-09-05 13:41:00,9,5,2016,35,13,-2,5.199999809,129.99
DEBIT,4,4,27.36000061,56.99000168,Shipping on time,0,17,Cleats,San Diego,EE. UU.,Corporate,CA,4,Apparel,32.77627945,-117.1342163,Pacific Asia,Gold Coast,Australia,28168,365,3.0,0.050000001,59.99000168,0.479999989,1,59.99000168,56.99000168,27.36000061,Oceania,Queensland,COMPLETE,365,17,Perfect Fitness Perfect Rip Deck,59.99000168,0,Standard Class,2016-02-16 04:09:00,2016-02-20 04:09:00,2,1,2016,7,4,0,3.0,59.99
DEBIT,3,4,26.05999947,123.4899979,Advance shipping,0,18,Men's Footwear,Oxnard,EE. UU.,Corporate,CA,4,Apparel,34.19039154,-119.177803,Pacific Asia,Newcastle,Australia,24992,403,6.5,0.050000001,129.9900055,0.209999993,1,129.9900055,123.4899979,26.05999947,Oceania,Nueva Gales del Sur,COMPLETE,403,18,Nike Men's CJ Elite 2 TD Football Cleat,129.9900055,0,Standard Class,2015-12-31 19:27:00,2016-01-03 19:27:00,12,3,2015,53,19,-1,6.5,129.99
DEBIT,2,4,32.47999954,123.4899979,Advance shipping,0,18,Men's Footwear,Miami,EE. UU.,Corporate,FL,4,Apparel,25.82507515,-80.19588471,Pacific Asia,Porirua,Nueva Zelanda,30851,403,6.5,0.050000001,129.9900055,0.25999999,1,129.9900055,123.4899979,32.47999954,Oceania,Wellington,COMPLETE,403,18,Nike Men's CJ Elite 2 TD Football Cleat,129.9900055,0,Standard Class,2016-03-26 08:07:00,2016-03-28 08:07:00,3,5,2016,12,8,-2,6.5,129.99
DEBIT,5,4,35.81000137,123.4899979,Late delivery,1,18,Men's Footwear,Albuquerque,EE. UU.,Corporate,NM,4,Apparel,35.13143921,-106.5452042,Pacific Asia,Mildura,Australia,25074,403,6.5,0.050000001,129.9900055,0.289999992,1,129.9900055,123.4899979,35.81000137,Oceania,Victoria,COMPLETE,403,18,Nike Men's CJ Elite 2 TD Football Cleat,129.9900055,0,Standard Class,2016-01-02 00:11:00,2016-01-07 00:11:00,1,5,2016,53,0,1,6.5,129.99
DEBIT,6,4,102.5100021,205.0299988,Late delivery,1,76,Women's Clothing,Amarillo,EE. UU.,Corporate,TX,4,Apparel,35.18754196,-101.8676224,Pacific Asia,Brisbane,Australia,76870,1363,10.78999996,0.050000001,215.8200073,0.5,1,215.8200073,205.0299988,102.5100021,Oceania,Queensland,COMPLETE,1363,76,Summer dresses,215.8200073,0,Standard Class,2018-01-27 02:38:00,2018-02-02 02:38:00,1,5,2018,4,2,2,10.78999996,215.82
DEBIT,4,4,15.43999958,123.4899979,Shipping on time,0,18,Men's Footwear,Lutz,EE. UU.,Corporate,FL,4,Apparel,28.08681297,-82.43898773,Pacific Asia,Daca,Bangladés,25163,403,6.5,0.050000001,129.9900055,0.129999995,1,129.9900055,123.4899979,15.43999958,South Asia,Daca,COMPLETE,403,18,Nike Men's CJ Elite 2 TD Football Cleat,129.9900055,0,Standard Class,2016-01-03 07:22:00,2016-01-07 07:22:00,1,6,2016,53,7,0,6.5,129.99
DEBIT,2,4,4.570000172,123.4899979,Advance shipping,0,18,Men's Footwear,Bend,EE. UU.,Corporate,OR,4,Apparel,44.07210541,-12.13232708,Pacific Asia,Kanpur,India,28036,403,6.5,0.050000001,129.9900055,0.039999999,1,129.9900055,123.4899979,4.570000172,South Asia,Uttar Pradesh,COMPLETE,403,18,Nike Men's CJ Elite 2 TD Football Cleat,129.9900055,0,Standard Class,2016-02-14 05:54:00,2016-02-16 05:54:00,2,6,2016,6,5,-2,6.5,129.99
DEBIT,5,4,61.75,123.4899979,Late delivery,1,18,Men's Footwear,East Brunswick,EE. UU.,Corporate,NJ,4,Apparel,40.41255188,-74.41832733,Pacific Asia,Bangkok,Tailandia,22679,403,6.5,0.050000001,129.9900055,0.5,1,129.9900055,123.4899979,61.75,Southeast Asia,Bangkok,COMPLETE,403,18,Nike Men's CJ Elite 2 TD Football Cleat,129.9900055,0,Standard Class,2015-11-28 01:06:00,2015-12-03 01:06:00,11,5,2015,48,1,1,6.5,129.99
DEBIT,6,4,38.65000153,123.4899979,Late delivery,1,18,Men's Footwear,Lancaster,EE. UU.,Corporate,SC,4,Apparel,34.85777283,-80.84423828,Pacific Asia,Bangkok,Tailandia,23610,403,6.5,0.050000001,129.9900055,0.310000002,1,129.9900055,123.4899979,38.65000153,Southeast Asia,Bangkok,COMPLETE,403,18,Nike Men's CJ Elite 2 TD Football Cleat,129.9900055,0,Standard Class,2015-12-11 15:17:00,2015-12-17 15:17:00,12,4,2015,50,15,2,6.5,129.99
DEBIT,4,4,14.25,56.99000168,Shipping on time,0,17,Cleats,Ontario,EE. UU.,Corporate,CA,4,Apparel,34.06832504,-117.6557541,Pacific Asia,Bagdad,Irak,42828,365,3.0,0.050000001,59.99000168,0.25,1,59.99000168,56.99000168,14.25,West Asia,Bagdad,COMPLETE,365,17,Perfect Fitness Perfect Rip Deck,59.99000168,0,Standard Class,2016-09-17 04:12:00,2016-09-21 04:12:00,9,5,2016,37,4,0,3.0,59.99
DEBIT,2,4,-6.170000076,123.4899979,Advance shipping,0,18,Men's Footwear,Morristown,EE. UU.,Corporate,NJ,4,Apparel,40.80119324,-74.48561096,Pacific Asia,Jerusalén,Israel,41896,403,6.5,0.050000001,129.9900055,-0.050000001,1,129.9900055,123.4899979,-6.170000076,West Asia,Jerusalén,COMPLETE,403,18,Nike Men's CJ Elite 2 TD Football Cleat,129.9900055,0,Standard Class,2016-09-03 13:41:00,2016-09-05 13:41:00,9,5,2016,35,13,-2,6.5,129.99
DEBIT,4,4,20.12999916,123.4899979,Shipping on time,0,18,Men's Footwear,Houston,EE. UU.,Corporate,TX,4,Apparel,29.7805748,-95.17199707,Pacific Asia,Adana,Turquía,48713,403,6.5,0.050000001,129.9900055,0.159999996,1,129.9900055,123.4899979,20.12999916,West Asia,Adana,COMPLETE,403,18,Nike Men's CJ Elite 2 TD Football Cleat,129.9900055,0,Standard Class,2016-12-12 01:59:00,2016-12-16 01:59:00,12,0,2016,50,1,0,6.5,129.99
DEBIT,4,4,54.34000015,123.4899979,Shipping on time,0,18,Men's Footwear,Hampton,EE. UU.,Corporate,VA,4,Apparel,37.05174255,-76.40163422,Pacific Asia,Riyadh,Arabia Saudí,45668,403,6.5,0.050000001,129.9900055,0.439999998,1,129.9900055,123.4899979,54.34000015,West Asia,Riad,COMPLETE,403,18,Nike Men's CJ Elite 2 TD Football Cleat,129.9900055,0,Standard Class,2016-10-28 15:11:00,2016-11-01 15:11:00,10,4,2016,43,15,0,6.5,129.99
DEBIT,2,4,43.61000061,436.1000061,Advance shipping,0,66,Crafts,New York,EE. UU.,Corporate,NY,4,Apparel,40.74559021,-73.97927856,Pacific Asia,Shenzhen,China,74796,1353,25.37999916,0.059999999,461.480011,0.100000001,1,461.480011,436.1000061,43.61000061,Eastern Asia,Guangdong,COMPLETE,1353,66,Porcelain crafts,461.480011,0,Standard Class,2017-12-27 20:01:00,2017-12-29 20:01:00,12,2,2017,52,20,-2,25.37999916,461.48
DEBIT,4,4,42.99000168,122.8399963,Shipping on time,0,18,Men's Footwear,Porterville,EE. UU.,Corporate,CA,4,Apparel,35.93829727,-118.9438477,Pacific Asia,Tianjin,China,27918,403,7.150000095,0.059999999,129.9900055,0.349999994,1,129.9900055,122.8399963,42.99000168,Eastern Asia,Tianjin,COMPLETE,403,18,Nike Men's CJ Elite 2 TD Football Cleat,129.9900055,0,Standard Class,2016-02-12 12:34:00,2016-02-16 12:34:00,2,4,2016,6,12,0,7.150000095,129.99
DEBIT,3,4,19.84000015,56.68999863,Advance shipping,0,17,Cleats,Portland,EE. UU.,Corporate,OR,4,Apparel,45.59825897,-12.27242851,Pacific Asia,Perth,Australia,30097,365,3.299999952,0.059999999,59.99000168,0.349999994,1,59.99000168,56.68999863,19.84000015,Oceania,Australia Occidental,COMPLETE,365,17,Perfect Fitness Perfect Rip Deck,59.99000168,0,Standard Class,2016-03-15 07:58:00,2016-03-18 07:58:00,3,1,2016,11,7,-1,3.299999952,59.99
DEBIT,2,4,54.04999924,122.8399963,Advance shipping,0,18,Men's Footwear,Strongsville,EE. UU.,Corporate,OH,4,Apparel,41.3469696,-81.82631683,Pacific Asia,Dunedin,Nueva Zelanda,30966,403,7.150000095,0.059999999,129.9900055,0.439999998,1,129.9900055,122.8399963,54.04999924,Oceania,Otago,COMPLETE,403,18,Nike Men's CJ Elite 2 TD Football Cleat,129.9900055,0,Standard Class,2016-03-28 00:25:00,2016-03-30 00:25:00,3,0,2016,13,0,-2,7.150000095,129.99
DEBIT,4,4,-184.2599945,122.8399963,Shipping on time,0,18,Men's Footwear,El Paso,EE. UU.,Corporate,TX,4,Apparel,31.65174103,-106.2676239,Pacific Asia,Melbourne,Australia,30063,403,7.150000095,0.059999999,129.9900055,-1.5,1,129.9900055,122.8399963,-184.2599945,Oceania,Victoria,COMPLETE,403,18,Nike Men's CJ Elite 2 TD Football Cleat,129.9900055,0,Standard Class,2016-03-14 20:03:00,2016-03-18 20:03:00,3,0,2016,11,20,0,7.150000095,129.99
DEBIT,5,4,39.91999817,122.8399963,Late delivery,1,18,Men's Footwear,Del Rio,EE. UU.,Corporate,TX,4,Apparel,29.77310181,-100.6121979,Pacific Asia,Ulhasnagar,India,22019,403,7.150000095,0.059999999,129.9900055,0.330000013,1,129.9900055,122.8399963,39.91999817,South Asia,Maharashtra,COMPLETE,403,18,Nike Men's CJ Elite 2 TD Football Cleat,129.9900055,0,Standard Class,2015-11-18 09:53:00,2015-11-23 09:53:00,11,2,2015,47,9,1,7.150000095,129.99
DEBIT,6,4,41.52000046,122.8399963,Late delivery,1,18,Men's Footwear,Buffalo,EE. UU.,Corporate,NY,4,Apparel,42.9666214,-78.74194336,Pacific Asia,Manila,Filipinas,24230,403,7.150000095,0.059999999,129.9900055,0.340000004,1,129.9900055,122.8399963,41.52000046,Southeast Asia,Capital Nacional,COMPLETE,403,18,Nike Men's CJ Elite 2 TD Football Cleat,129.9900055,0,Standard Class,2015-12-20 16:29:00,2015-12-26 16:29:00,12,6,2015,51,16,2,7.150000095,129.99
